ID,ID_marked,Source,City,Country,Geo_macro,Construction period,Function  Classification,Typology,Residential building type,Primary Code,Structural_type,Hybrid Structure,Structure,Number of floors,Gross floor area (m2),Net floor area (m2),Aluminium,Cement,Concrete,Copper,Glass,Steel,Wood,Brick,Note_1,Note_2
2435,G-8,"Beate Lubitz-Prohaska, Alexander Passer, Gernot Fischer AT2 - LCT One",,Austria,Western Europe,2012,NR,NR-OL,Office,W,W,0,massive wood,8,2355.0,,,,853.56348195329,,,,58.4963906581741,,,
2436,G-9,"Beate Lubitz-Prohaska, Alexander Passer, Gernot Fischer AT1 - Aspern IQ",,Austria,Western Europe,2012,NR,NR-OL,Office,B,B,0,massive brick,5,12682.0,,,50.6558113862166,1048.32037533512,,,,,,,
2437,G-17,No data No data,,Austria,Western Europe,2018,NR,NR-H,Hotel & Resort,C,C,0,massive concrete,5,9419.0,,,39.4714937891495,866.509183565134,,,51.4993099055101,,52.3544643805074,,
2438,G-28,"Beate Lubitz-Prohaska, Alexander Passer, Gernot Fischer, Helmuth Kreiner AT3 - TU Vienna",,Austria,Western Europe,2014,NR,NR-OH,Office,C,C,0,frame concrete,11,10526.25,,,,1930.5352808455,,,,,,,
2439,G-198,"Robertson A B, Lam F C F, Cole R J. A Comparative Cradle-to-Gate Life Cycle Assessment of Mid-Rise Office Building Construction Alternatives: Laminated Timber or Reinforced Concrete",,Canada,North America,2009,NR,NR-OL,Office,C,C,0,frame concrete,5,14233.0,,,,2037.16714677158,,4.24190262067027,,,,,
2440,G-199,"Robertson A B, Lam F C F, Cole R J. A Comparative Cradle-to-Gate Life Cycle Assessment of Mid-Rise Office Building Construction Alternatives: Laminated Timber or Reinforced Concrete",,Canada,North America,2009,NR,NR-OL,Office,W,W,0,massive wood,5,14233.0,,,,1291.89208178177,,4.24190262067027,,143.019251036324,,,
2441,G-259,"Zhang, X
Wang, F Analysis of embodied carbon in the building life cycle considering the temporal perspectives of emissions: A case study in China",,China,East Asia,2012,R,R-MFH,Multi-family house,C,C,0,frame concrete,16,17558.0,,,258.911977446178,1588.38076660211,,,51.1140220981888,,,,
2442,G-298,Holger König DE1 - Energy Plus Primary School in Hohen Neuendorf,,Germany,Western Europe,2011,NR,NR-E,School and Daycare,C,C,0,massive concrete,2,7414.0,,,,1285.1362287564,,,,,,,
2443,G-303,Holger König DE2 - Schmuttertal Gymnasium Diedorf,,Germany,Western Europe,2015,NR,NR-E,School and Daycare,W,W,0,massive wood,2,17292.0,,,,646.77307425399,,,,66.5047420772611,,,
2444,G-310,"Rasmussen, F DK1 - Office building",,Denmark,Northern Europe,2013,NR,NR-OL,Office,C,C,0,frame concrete,6,33000.0,,,,1168.6961030303,,30.7551606060606,,,,,
2445,G-336,No data No data,,Denmark,Northern Europe,2020,NR,NR-OL,Office,C,C,0,massive concrete,5,5083.0,,,30.0767263427109,1607.07456226637,,,77.6698799921306,,,,
2446,G-351,No data No data,,Denmark,Northern Europe,2019,NR,NR-OH,Office,C,C,0,massive concrete,,6552.0,,,49.5995879120879,548.565641025641,,,,,,"Restored by direct row copy from data/sources/sources/4. Processed_G.xlsx (Processed sheet), matched on ID_marked; this sheet already carries the final 28-column schema and matched 0 mismatches across all overlapping fields for the 49 already-retained G records. Geo_macro is not in that sheet and was derived via the same country lookup used for B/N/R.",
2447,G-356,No data No data,,Denmark,Northern Europe,2019,NR,NR-OH,Office,C,C,0,massive concrete,,4084.0,,,32.303623898139,211.517091087169,,,11.9954652301665,16.1912340842311,,"Restored by direct row copy from data/sources/sources/4. Processed_G.xlsx (Processed sheet), matched on ID_marked; this sheet already carries the final 28-column schema and matched 0 mismatches across all overlapping fields for the 49 already-retained G records. Geo_macro is not in that sheet and was derived via the same country lookup used for B/N/R.",
2448,G-357,No data No data,,Denmark,Northern Europe,2020,NR,NR-H,Hospital and Health,C,C,0,massive concrete,4,7867.0,,,153.487733570611,970.264014236684,,,15.309012329986,,53.5483665946358,,
2449,G-358,No data No data,,Denmark,Northern Europe,2017,NR,NR-OL,Office,C,C,0,massive concrete,7,12856.0,,,11.2787803360298,1638.09411947728,,,29.3567205973864,,,,
2450,G-359,No data No data,,Denmark,Northern Europe,2020,R,R-MFH,Multi-family house,C,C,0,massive concrete,,2851.0,,,,263.584272185198,,,,39.5856147176429,,,
2451,G-360,No data No data,,Denmark,Northern Europe,2020,R,R-MFH,Multi-family house,C,C,0,massive concrete,7,4246.0,,,121.518134715025,1095.66038624587,,,33.2637776731041,,90.4069712670749,,
2452,G-361,No data No data,,Denmark,Northern Europe,2020,R,R-MFH,Multi-family house,C,C,0,massive concrete,6,3700.0,,,51.2867567567567,1680.87756756756,,,83.4494594594594,,90.0545945945945,,
2453,G-362,No data No data,,Denmark,Northern Europe,2020,NR,NR-OL,Office,C,C,0,massive concrete,6,25067.0,,,59.8434196353771,1931.97578489647,,16.1923245701519,112.753859656121,,,,
2454,G-363,No data No data,,Denmark,Northern Europe,2020,R,R-MFH,Multi-family house,C,C,0,massive concrete,6,12520.0,,,60.0341054313099,1646.18035143769,,,79.5953674121405,,72.6825878594249,,
2455,G-395,No data No data,,Denmark,Northern Europe,2019,NR,NR-E,School and Daycare,C,C,0,massive concrete,1,850.0,,,,290.801176470588,,,11.3858823529411,,,,
2456,G-443,No data No data,,Finland,Northern Europe,2021,R,R-MFH,Multi-family house,C,C,0,frame concrete,6,2930.0,,,26.2426621160409,1572.569283276446,,,31.8392491467576,,28.7017064846416,,
2457,G-444,No data No data,,Finland,Northern Europe,2021,R,R-SFH,Single family house,C,C,0,massive concrete,1,242.0,,,,951.239669421487,,,,53.7520661157024,,,
2458,G-445,No data No data,,Finland,Northern Europe,2021,R,R-SFH,Single family house,W,W,0,frame wood,1,230.0,,,,169.91304347826,,,,102.004347826086,,,
2459,G-446,No data No data,,Finland,Northern Europe,2021,R,R-SFH,Single family house,W,W,0,frame wood,1,195.0,,,,133.384615384615,,,,155.866666666666,,,
2460,G-451,No data No data,,Finland,Northern Europe,2021,R,R-SFH,Semi-detached,W,W,0,frame wood,1,169.0,,,,224.644970414201,,,,95.7218934911242,125.207100591715,,
2461,G-453,No data No data,,Finland,Northern Europe,2021,R,R-SFH,Single family house,S,S,0,frame steel,1,168.0,,,25.3571428571428,42.3809523809523,,,,86.7559523809523,,,
2462,G-454,No data No data,,Finland,Northern Europe,2021,NR,NR-UNK,Mixed use,C,C,0,frame concrete,3,3134.0,,,45.5934907466496,1144.091576260368,,,,,93.4875558391831,"Restored by direct row copy from data/sources/sources/4. Processed_G.xlsx (Processed sheet), matched on ID_marked; this sheet already carries the final 28-column schema and matched 0 mismatches across all overlapping fields for the 49 already-retained G records. Geo_macro is not in that sheet and was derived via the same country lookup used for B/N/R.",
2463,G-455,No data No data,,Finland,Northern Europe,2021,R,R-SFH,Single family house,W,W,0,frame wood,1,149.0,,,99.1409395973154,181.409395973154,,,,81.0469798657718,,,
2464,G-456,No data No data,,Finland,Northern Europe,2021,R,R-SFH,Single family house,W,W,0,frame wood,2,195.0,,,,114.717948717948,,,,139.794871794871,7.28717948717948,,
2465,G-457,No data No data,,Finland,Northern Europe,2021,R,R-SFH,Single family house,W,W,0,frame wood,1,147.0,,,,194.761904761904,,,,205.56462585034,,,
2466,G-458,No data No data,,Finland,Northern Europe,2021,R,R-SFH,Single family house,W,W,0,massive wood,1,264.0,,,,403.636363636363,,,,351.791666666666,,,
2467,G-459,No data No data,,Finland,Northern Europe,2021,R,R-SFH,Single family house,C,C,0,frame concrete,2,276.0,,,,1102.612318840579,,,21.445652173913,38.4420289855072,,,
2468,G-462,No data No data,,Finland,Northern Europe,2021,R,R-SFH,Single family house,W,W,0,frame wood,1,142.0,,,,172.183098591549,,,,125.394366197183,,,
2469,G-463,No data No data,,Finland,Northern Europe,2021,R,R-SFH,Single family house,W,W,0,frame wood,1,138.0,,,,190.217391304347,,,,193.710144927536,,,
2470,G-464,No data No data,,Finland,Northern Europe,2021,R,R-SFH,Single family house,S,S,0,frame steel,1,227.0,,,,99.2466960352423,,,,94.2599118942731,,,
2471,G-467,No data No data,,Finland,Northern Europe,2021,R,R-MFH,Multi-family house,C,C,0,frame concrete,6,2866.0,,,47.7006280530355,1219.940683879971,,,,,,,
2472,G-471,No data No data,,Finland,Northern Europe,2021,R,R-SFH,Single family house,W,W,0,frame wood,1,155.0,,,,170.0,,,,135.606451612903,,,
2473,G-472,No data No data,,Finland,Northern Europe,2021,R,R-SFH,Single family house,C,C,0,frame concrete,1,179.0,,,75.6424581005586,770.391061452513,,,,90.2458100558659,,,
2474,G-478,No data No data,,Finland,Northern Europe,2021,R,R-SFH,Single family house,W,W,0,frame wood,2,183.0,,,14.207650273224,710.879781420765,,,,248.065573770491,,,
2475,G-1047,"Gavotsis, E. UK4 - St Faith's School",,Great Britain,Northern Europe,2012,NR,NR-E,School and Daycare,W,W,0,frame wood,1,195.0,,,,851.282051282051,,,,143.589743589743,,,
2476,G-1099,"﻿Moschetti, Roberta
Mazzarella, Livio
Nord, Natasa An overall methodology to define reference values for building sustainability parameters",,Italy,Southern Europe,2006,R,R-MFH,Row house,B,B,0,massive brick,2,165.0,,,93.4727272727272,1346.29696969696,,,0.0368484848484848,,467.818181818181,,
2477,G-1101,"﻿Moschetti, Roberta
Mazzarella, Livio
Nord, Natasa An overall methodology to define reference values for building sustainability parameters",,Italy,Southern Europe,2006,R,R-MFH,Multi-family house,B,B,0,massive brick,3,1256.0,,,99.7300955414012,1610.97929936305,,,0.0335828025477707,,287.740445859872,,
2478,G-1108,"﻿Moschetti, Roberta
Mazzarella, Livio
Nord, Natasa An overall methodology to define reference values for building sustainability parameters",,Italy,Southern Europe,2006,R,R-SFH,Single family house,B,B,0,massive brick,2,192.0,,,69.4270833333333,1361.21354166666,,,0.04421875,,448.010416666666,G-1109 and G-1110 deleted as exact byte-for-byte duplicates of this record (every field identical).,
2479,G-1113,"﻿Moschetti, Roberta
Mazzarella, Livio
Nord, Natasa An overall methodology to define reference values for building sustainability parameters",,Italy,Southern Europe,2006,R,R-MFH,Multi-family house,B,B,0,massive brick,7,2968.0,,,104.4076819407,1274.12061994609,,,0.0271765498652291,,388.773247978436,,
2480,G-1165,Chae et al KR2 - MF residential,,South Korea,East Asia,2005,R,R-MFH,Multi-family house,C,C,0,frame concrete,,5040.0,,,198.412698412698,1726.19047619047,,,,,,,
2481,G-1262,"Wei Kua, H
Long Wong, C Analysing the life cycle greenhouse gas emission and energy consumption of a multi-storied commercial building in Singapore from an extended system boundary perspective",,Singapore,Southeast Asia,2003,NR,NR-UNK,Other,C,C,0,frame concrete,6,56094.0,,,2.24088137768745,109.958284308482,,,,0.00837879274075658,0.0194316682711163,,
2482,G-1275,"Pierobon, F., Huang, M., Simonen, K., & Ganguly, I. Environmental benefits of using hybrid CLT structure in midrise non-residential construction: An LCA based comparative case study in the U.S. Pacific Northwest",,USA,North America,2014,NR,NR-OL,Office,W,W,0,frame wood,8,14715.0,,,,527.65205572545,,21.6039415562351,27.7358477743798,66.1943594971117,,,
2483,G-1284,"Mosteiro-Romero, M., Krogmann, U., Wallbaum, H., Ostermeyer, Y., Senick, J. S., & Andrews, C. J. Relative importance of electricity sources and construction practicesin residential buildings: A Swiss-US comparison of energy relatedlife-cycle impacts",,USA,North America,2008,R,R-UNK,No data,W,W,0,frame wood,2,317.0,,,,522.082018927444,,,9.7981072555205,44.1640378548895,,"Restored by direct row copy from data/sources/sources/4. Processed_G.xlsx (Processed sheet), matched on ID_marked; this sheet already carries the final 28-column schema and matched 0 mismatches across all overlapping fields for the 49 already-retained G records. Geo_macro is not in that sheet and was derived via the same country lookup used for B/N/R.",
2484,G-1286,"Pierobon, F., Huang, M., Simonen, K., & Ganguly, I. Environmental benefits of using hybrid CLT structure in midrise non-residential construction: An LCA based comparative case study in the U.S. Pacific Northwest",,USA,North America,2014,NR,NR-OL,Office,C,C,0,frame concrete,8,14715.0,,6.10071355759429,,989.667006455997,,21.6039415562351,55.842541624193,,,,
2485,G-1287,"Pierobon, F., Huang, M., Simonen, K., & Ganguly, I. Environmental benefits of using hybrid CLT structure in midrise non-residential construction: An LCA based comparative case study in the U.S. Pacific Northwest",,USA,North America,2014,NR,NR-OL,Office,W,W,0,frame wood,8,14715.0,,6.10071355759429,,527.65205572545,,21.6039415562351,27.7358477743798,109.252463472646,,,
