manifest_version,ID_marked,split_group_id,split,source_prefix,n_observed_targets
1,B-131,record:B-131,test,B,3
1,B-175,record:B-175,test,B,4
1,B-238,record:B-238,test,B,5
1,B-242,record:B-242,test,B,5
1,B-266,record:B-266,test,B,5
1,B-277,record:B-277,test,B,3
1,B-278,record:B-278,test,B,3
1,B-319,record:B-319,test,B,5
1,B-389,record:B-389,test,B,4
1,B-482,record:B-482,test,B,4
1,B-512,record:B-512,test,B,4
1,B-516,record:B-516,test,B,4
1,B-531,record:B-531,test,B,5
1,B-536,record:B-536,test,B,3
1,B-679,record:B-679,test,B,3
1,B-682,record:B-682,test,B,2
1,B-763,record:B-763,test,B,4
1,B-853,record:B-853,test,B,4
1,B-857,record:B-857,test,B,4
1,B-858,record:B-858,test,B,4
1,B-860,record:B-860,test,B,4
1,B-861,record:B-861,test,B,5
1,B-867,record:B-867,test,B,4
1,B-877,record:B-877,test,B,5
1,B-882,record:B-882,test,B,5
1,B-894,record:B-894,test,B,2
1,B-895,record:B-895,test,B,2
1,B-896,record:B-896,test,B,5
1,B-908,record:B-908,test,B,4
1,C-15,record:C-15,test,C,2
1,C-575,record:C-575,test,C,4
1,C-578,record:C-578,test,C,4
1,C-582,record:C-582,test,C,4
1,C-584,record:C-584,test,C,4
1,C-585,record:C-585,test,C,4
1,C-592,record:C-592,test,C,2
1,C-593,record:C-593,test,C,2
1,C-598,record:C-598,test,C,2
1,C-600,record:C-600,test,C,2
1,C-602,record:C-602,test,C,2
1,C-603,record:C-603,test,C,2
1,C-605,record:C-605,test,C,2
1,C-607,record:C-607,test,C,2
1,C-612,record:C-612,test,C,2
1,C-621,record:C-621,test,C,4
1,C-625,record:C-625,test,C,4
1,C-627,record:C-627,test,C,4
1,C-628,record:C-628,test,C,4
1,C-629,record:C-629,test,C,4
1,C-635,record:C-635,test,C,4
1,C-637,record:C-637,test,C,4
1,C-642,record:C-642,test,C,4
1,C-644,record:C-644,test,C,4
1,C-649,record:C-649,test,C,4
1,C-653,record:C-653,test,C,4
1,C-667,record:C-667,test,C,4
1,C-668,record:C-668,test,C,4
1,C-690,record:C-690,test,C,4
1,C-698,record:C-698,test,C,4
1,C-711,record:C-711,test,C,4
1,C-720,record:C-720,test,C,4
1,C-722,record:C-722,test,C,4
1,C-749,record:C-749,test,C,4
1,C-769,record:C-769,test,C,2
1,C-773,record:C-773,test,C,2
1,C-774,record:C-774,test,C,2
1,C-777,record:C-777,test,C,2
1,C-811,record:C-811,test,C,4
1,G-198,record:G-198,test,G,2
1,G-199,record:G-199,test,G,3
1,G-303,record:G-303,test,G,2
1,G-336,record:G-336,test,G,2
1,G-358,record:G-358,test,G,2
1,G-360,record:G-360,test,G,3
1,G-443,record:G-443,test,G,3
1,G-455,record:G-455,test,G,2
1,G-464,record:G-464,test,G,2
1,N-1002,record:N-1002,test,N,4
1,N-1010,record:N-1010,test,N,3
1,N-1020,record:N-1020,test,N,3
1,N-1028,record:N-1028,test,N,3
1,N-1038,record:N-1038,test,N,4
1,N-1056,record:N-1056,test,N,3
1,N-1061,record:N-1061,test,N,3
1,N-1062,record:N-1062,test,N,3
1,N-1066,record:N-1066,test,N,3
1,N-1078,record:N-1078,test,N,3
1,N-1103,record:N-1103,test,N,3
1,N-1110,record:N-1110,test,N,3
1,N-1116,record:N-1116,test,N,3
1,N-1118,record:N-1118,test,N,3
1,N-1137,record:N-1137,test,N,3
1,N-1138,record:N-1138,test,N,3
1,N-1146,record:N-1146,test,N,3
1,N-1155,record:N-1155,test,N,3
1,N-1170,record:N-1170,test,N,3
1,N-1176,record:N-1176,test,N,3
1,N-1188,record:N-1188,test,N,2
1,N-1190,record:N-1190,test,N,2
1,N-1193,record:N-1193,test,N,2
1,N-1206,record:N-1206,test,N,2
1,N-1208,record:N-1208,test,N,2
1,N-1231,record:N-1231,test,N,2
1,N-1233,record:N-1233,test,N,2
1,N-1238,record:N-1238,test,N,2
1,N-1243,record:N-1243,test,N,2
1,N-1245,record:N-1245,test,N,2
1,N-1257,record:N-1257,test,N,2
1,N-1267,record:N-1267,test,N,2
1,N-147,record:N-147,test,N,3
1,N-157,record:N-157,test,N,3
1,N-158,record:N-158,test,N,3
1,N-163,record:N-163,test,N,2
1,N-1665,record:N-1665,test,N,2
1,N-1673,record:N-1673,test,N,2
1,N-1678,record:N-1678,test,N,4
1,N-1681,record:N-1681,test,N,3
1,N-1685,record:N-1685,test,N,2
1,N-1689,record:N-1689,test,N,3
1,N-1691,record:N-1691,test,N,2
1,N-1692,record:N-1692,test,N,4
1,N-1697,record:N-1697,test,N,2
1,N-1708,record:N-1708,test,N,4
1,N-1719,record:N-1719,test,N,2
1,N-1721,record:N-1721,test,N,2
1,N-1723,record:N-1723,test,N,2
1,N-1725,record:N-1725,test,N,2
1,N-1743,record:N-1743,test,N,4
1,N-1748,record:N-1748,test,N,2
1,N-1751,record:N-1751,test,N,3
1,N-1754,record:N-1754,test,N,2
1,N-176,record:N-176,test,N,2
1,N-1785,record:N-1785,test,N,2
1,N-1787,record:N-1787,test,N,2
1,N-1791,record:N-1791,test,N,2
1,N-1795,record:N-1795,test,N,2
1,N-1807,record:N-1807,test,N,2
1,N-1814,record:N-1814,test,N,2
1,N-1815,record:N-1815,test,N,2
1,N-1823,record:N-1823,test,N,4
1,N-1824,record:N-1824,test,N,4
1,N-1831,record:N-1831,test,N,2
1,N-1843,record:N-1843,test,N,2
1,N-1845,record:N-1845,test,N,2
1,N-1846,record:N-1846,test,N,2
1,N-1856,record:N-1856,test,N,2
1,N-1859,record:N-1859,test,N,2
1,N-1865,record:N-1865,test,N,2
1,N-187,record:N-187,test,N,4
1,N-1879,record:N-1879,test,N,2
1,N-1880,record:N-1880,test,N,2
1,N-1892,record:N-1892,test,N,2
1,N-1896,record:N-1896,test,N,2
1,N-1901,record:N-1901,test,N,2
1,N-191,record:N-191,test,N,3
1,N-1911,record:N-1911,test,N,2
1,N-1921,record:N-1921,test,N,2
1,N-1922,record:N-1922,test,N,2
1,N-1927,record:N-1927,test,N,2
1,N-1931,record:N-1931,test,N,3
1,N-1944,record:N-1944,test,N,3
1,N-1946,record:N-1946,test,N,5
1,N-1955,record:N-1955,test,N,5
1,N-1956,record:N-1956,test,N,5
1,N-1960,record:N-1960,test,N,5
1,N-1961,record:N-1961,test,N,5
1,N-1962,record:N-1962,test,N,5
1,N-1969,record:N-1969,test,N,5
1,N-1970,record:N-1970,test,N,3
1,N-1972,record:N-1972,test,N,5
1,N-1973,record:N-1973,test,N,5
1,N-1982,record:N-1982,test,N,5
1,N-1983,record:N-1983,test,N,5
1,N-1986,record:N-1986,test,N,5
1,N-1995,record:N-1995,test,N,5
1,N-200,record:N-200,test,N,3
1,N-2001,record:N-2001,test,N,4
1,N-2011,record:N-2011,test,N,5
1,N-2016,record:N-2016,test,N,5
1,N-2033,record:N-2033,test,N,5
1,N-2037,record:N-2037,test,N,4
1,N-204,record:N-204,test,N,3
1,N-2041,record:N-2041,test,N,5
1,N-2049,record:N-2049,test,N,5
1,N-2050,record:N-2050,test,N,5
1,N-2051,record:N-2051,test,N,5
1,N-2061,record:N-2061,test,N,5
1,N-2065,record:N-2065,test,N,5
1,N-2068,record:N-2068,test,N,5
1,N-2069,record:N-2069,test,N,5
1,N-2073,record:N-2073,test,N,5
1,N-2081,record:N-2081,test,N,5
1,N-2087,record:N-2087,test,N,5
1,N-2088,record:N-2088,test,N,5
1,N-210,record:N-210,test,N,4
1,N-2111,record:N-2111,test,N,5
1,N-2116,record:N-2116,test,N,5
1,N-2124,record:N-2124,test,N,5
1,N-2125,record:N-2125,test,N,5
1,N-2126,record:N-2126,test,N,5
1,N-2127,record:N-2127,test,N,5
1,N-2143,record:N-2143,test,N,5
1,N-2168,record:N-2168,test,N,5
1,N-2171,record:N-2171,test,N,5
1,N-2172,record:N-2172,test,N,5
1,N-2175,record:N-2175,test,N,5
1,N-2187,record:N-2187,test,N,5
1,N-220,record:N-220,test,N,2
1,N-2203,record:N-2203,test,N,5
1,N-2212,record:N-2212,test,N,5
1,N-2220,record:N-2220,test,N,5
1,N-2222,record:N-2222,test,N,5
1,N-2239,record:N-2239,test,N,5
1,N-2249,record:N-2249,test,N,5
1,N-2253,record:N-2253,test,N,3
1,N-2254,record:N-2254,test,N,3
1,N-2255,record:N-2255,test,N,5
1,N-2261,record:N-2261,test,N,3
1,N-2262,record:N-2262,test,N,3
1,N-2267,record:N-2267,test,N,3
1,N-2269,record:N-2269,test,N,3
1,N-2274,record:N-2274,test,N,3
1,N-2279,record:N-2279,test,N,3
1,N-2286,record:N-2286,test,N,3
1,N-229,record:N-229,test,N,2
1,N-2293,record:N-2293,test,N,5
1,N-2296,record:N-2296,test,N,3
1,N-2303,record:N-2303,test,N,3
1,N-2307,record:N-2307,test,N,4
1,N-2308,record:N-2308,test,N,3
1,N-2313,record:N-2313,test,N,3
1,N-2317,record:N-2317,test,N,3
1,N-2325,record:N-2325,test,N,3
1,N-2327,record:N-2327,test,N,2
1,N-233,record:N-233,test,N,3
1,N-2337,record:N-2337,test,N,5
1,N-2343,record:N-2343,test,N,2
1,N-2345,record:N-2345,test,N,3
1,N-2370,record:N-2370,test,N,3
1,N-2379,record:N-2379,test,N,5
1,N-2391,record:N-2391,test,N,5
1,N-2403,record:N-2403,test,N,3
1,N-2413,record:N-2413,test,N,3
1,N-2417,record:N-2417,test,N,3
1,N-2426,record:N-2426,test,N,2
1,N-2427,record:N-2427,test,N,2
1,N-2432,record:N-2432,test,N,2
1,N-2450,record:N-2450,test,N,2
1,N-2455,record:N-2455,test,N,2
1,N-2457,record:N-2457,test,N,2
1,N-2478,record:N-2478,test,N,2
1,N-2487,record:N-2487,test,N,2
1,N-249,record:N-249,test,N,3
1,N-2499,record:N-2499,test,N,3
1,N-250,record:N-250,test,N,2
1,N-2502,record:N-2502,test,N,2
1,N-257,record:N-257,test,N,3
1,N-2628,record:N-2628,test,N,2
1,N-2631,record:N-2631,test,N,2
1,N-2632,record:N-2632,test,N,2
1,N-2636,record:N-2636,test,N,2
1,N-2639,record:N-2639,test,N,2
1,N-2640,record:N-2640,test,N,2
1,N-2642,record:N-2642,test,N,2
1,N-2645,record:N-2645,test,N,2
1,N-2661,record:N-2661,test,N,5
1,N-267,record:N-267,test,N,3
1,N-2673,record:N-2673,test,N,5
1,N-268,record:N-268,test,N,4
1,N-2683,record:N-2683,test,N,4
1,N-2684,record:N-2684,test,N,4
1,N-274,record:N-274,test,N,2
1,N-279,record:N-279,test,N,2
1,N-282,record:N-282,test,N,2
1,N-296,record:N-296,test,N,2
1,N-320,record:N-320,test,N,2
1,N-334,record:N-334,test,N,4
1,N-335,record:N-335,test,N,5
1,N-344,record:N-344,test,N,5
1,N-356,record:N-356,test,N,5
1,N-357,record:N-357,test,N,5
1,N-359,record:N-359,test,N,5
1,N-376,record:N-376,test,N,5
1,N-385,record:N-385,test,N,5
1,N-391,record:N-391,test,N,5
1,N-400,record:N-400,test,N,5
1,N-441,record:N-441,test,N,5
1,N-445,record:N-445,test,N,5
1,N-454,record:N-454,test,N,5
1,N-465,record:N-465,test,N,4
1,N-472,record:N-472,test,N,5
1,N-476,record:N-476,test,N,4
1,N-477,record:N-477,test,N,4
1,N-480,record:N-480,test,N,4
1,N-485,record:N-485,test,N,4
1,N-491,record:N-491,test,N,4
1,N-495,record:N-495,test,N,4
1,N-505,record:N-505,test,N,4
1,N-506,record:N-506,test,N,4
1,N-522,record:N-522,test,N,4
1,N-527,record:N-527,test,N,2
1,N-53,record:N-53,test,N,4
1,N-554,record:N-554,test,N,5
1,N-556,record:N-556,test,N,5
1,N-562,record:N-562,test,N,5
1,N-569,record:N-569,test,N,5
1,N-574,record:N-574,test,N,5
1,N-577,record:N-577,test,N,5
1,N-581,record:N-581,test,N,5
1,N-595,record:N-595,test,N,4
1,N-612,record:N-612,test,N,5
1,N-62,record:N-62,test,N,4
1,N-625,record:N-625,test,N,5
1,N-63,record:N-63,test,N,4
1,N-630,record:N-630,test,N,5
1,N-632,record:N-632,test,N,5
1,N-64,record:N-64,test,N,4
1,N-646,record:N-646,test,N,5
1,N-655,record:N-655,test,N,5
1,N-658,record:N-658,test,N,5
1,N-659,record:N-659,test,N,5
1,N-660,record:N-660,test,N,5
1,N-662,record:N-662,test,N,5
1,N-664,record:N-664,test,N,5
1,N-666,record:N-666,test,N,5
1,N-669,record:N-669,test,N,5
1,N-689,record:N-689,test,N,5
1,N-692,record:N-692,test,N,5
1,N-696,record:N-696,test,N,5
1,N-698,record:N-698,test,N,5
1,N-709,record:N-709,test,N,5
1,N-711,record:N-711,test,N,5
1,N-714,record:N-714,test,N,5
1,N-722,record:N-722,test,N,5
1,N-730,record:N-730,test,N,5
1,N-745,record:N-745,test,N,5
1,N-746,record:N-746,test,N,5
1,N-755,record:N-755,test,N,5
1,N-764,record:N-764,test,N,5
1,N-78,record:N-78,test,N,5
1,N-798,record:N-798,test,N,5
1,N-805,record:N-805,test,N,5
1,N-808,record:N-808,test,N,5
1,N-814,record:N-814,test,N,5
1,N-834,record:N-834,test,N,4
1,N-841,record:N-841,test,N,4
1,N-847,record:N-847,test,N,2
1,N-849,record:N-849,test,N,2
1,N-851,record:N-851,test,N,2
1,N-854,record:N-854,test,N,2
1,N-855,record:N-855,test,N,2
1,N-863,record:N-863,test,N,2
1,N-893,record:N-893,test,N,5
1,N-905,record:N-905,test,N,2
1,N-920,record:N-920,test,N,5
1,N-922,record:N-922,test,N,5
1,N-923,record:N-923,test,N,5
1,N-926,record:N-926,test,N,5
1,N-929,record:N-929,test,N,4
1,N-934,record:N-934,test,N,5
1,N-939,record:N-939,test,N,5
1,N-940,record:N-940,test,N,5
1,N-945,record:N-945,test,N,5
1,N-948,record:N-948,test,N,5
1,N-953,record:N-953,test,N,5
1,N-955,record:N-955,test,N,5
1,N-960,record:N-960,test,N,5
1,N-962,record:N-962,test,N,5
1,N-975,record:N-975,test,N,5
1,N-981,record:N-981,test,N,5
1,N-982,record:N-982,test,N,5
1,N-994,record:N-994,test,N,5
1,N-999,record:N-999,test,N,5
1,R-1,record:R-1,test,R,3
1,R-100,record:R-100,test,R,2
1,R-121,record:R-121,test,R,4
1,R-128,record:R-128,test,R,4
1,R-130,record:R-130,test,R,4
1,R-132,record:R-132,test,R,4
1,R-138,record:R-138,test,R,4
1,R-143,record:R-143,test,R,4
1,R-145,record:R-145,test,R,4
1,R-147,record:R-147,test,R,4
1,R-155,record:R-155,test,R,4
1,R-297,record:R-297,test,R,4
1,R-37,record:R-37,test,R,3
1,R-48,record:R-48,test,R,3
1,R-57,record:R-57,test,R,2
1,R-90,record:R-90,test,R,2
1,R-95,record:R-95,test,R,2
1,R-98,record:R-98,test,R,2
1,S-20,record:S-20,test,S,2
1,S-23,record:S-23,test,S,2
1,S-39,record:S-39,test,S,2
1,S-43,record:S-43,test,S,2
1,S-8,record:S-8,test,S,2
1,B-103,record:B-103,train,B,4
1,B-104,record:B-104,train,B,4
1,B-105,record:B-105,train,B,3
1,B-114,record:B-114,train,B,3
1,B-115,record:B-115,train,B,3
1,B-116,record:B-116,train,B,3
1,B-117,record:B-117,train,B,3
1,B-118,record:B-118,train,B,3
1,B-119,record:B-119,train,B,3
1,B-120,record:B-120,train,B,3
1,B-121,record:B-121,train,B,3
1,B-122,record:B-122,train,B,3
1,B-123,record:B-123,train,B,3
1,B-124,record:B-124,train,B,3
1,B-125,record:B-125,train,B,3
1,B-126,record:B-126,train,B,3
1,B-127,record:B-127,train,B,2
1,B-130,record:B-130,train,B,2
1,B-132,record:B-132,train,B,3
1,B-133,record:B-133,train,B,3
1,B-134,record:B-134,train,B,3
1,B-135,record:B-135,train,B,3
1,B-136,record:B-136,train,B,3
1,B-137,record:B-137,train,B,3
1,B-172,record:B-172,train,B,4
1,B-173,record:B-173,train,B,4
1,B-174,record:B-174,train,B,4
1,B-183,record:B-183,train,B,4
1,B-214,record:B-214,train,B,3
1,B-215,record:B-215,train,B,5
1,B-216,record:B-216,train,B,5
1,B-217,record:B-217,train,B,5
1,B-218,record:B-218,train,B,5
1,B-228,record:B-228,train,B,5
1,B-229,record:B-229,train,B,5
1,B-230,record:B-230,train,B,5
1,B-234,record:B-234,train,B,5
1,B-235,record:B-235,train,B,5
1,B-239,record:B-239,train,B,5
1,B-240,record:B-240,train,B,5
1,B-241,record:B-241,train,B,5
1,B-264,record:B-264,train,B,5
1,B-273,record:B-273,train,B,4
1,B-274,record:B-274,train,B,4
1,B-275,record:B-275,train,B,4
1,B-276,record:B-276,train,B,4
1,B-279,record:B-279,train,B,3
1,B-304,record:B-304,train,B,3
1,B-305,record:B-305,train,B,3
1,B-306,record:B-306,train,B,3
1,B-307,record:B-307,train,B,3
1,B-308,record:B-308,train,B,3
1,B-309,record:B-309,train,B,4
1,B-315,record:B-315,train,B,5
1,B-317,record:B-317,train,B,5
1,B-320,record:B-320,train,B,5
1,B-321,record:B-321,train,B,5
1,B-325,record:B-325,train,B,5
1,B-326,record:B-326,train,B,5
1,B-328,record:B-328,train,B,5
1,B-329,record:B-329,train,B,5
1,B-330,record:B-330,train,B,5
1,B-341,record:B-341,train,B,2
1,B-342,record:B-342,train,B,2
1,B-343,record:B-343,train,B,2
1,B-344,record:B-344,train,B,5
1,B-462,record:B-462,train,B,3
1,B-463,record:B-463,train,B,3
1,B-464,record:B-464,train,B,3
1,B-465,record:B-465,train,B,5
1,B-466,record:B-466,train,B,5
1,B-467,record:B-467,train,B,4
1,B-468,record:B-468,train,B,4
1,B-469,record:B-469,train,B,5
1,B-471,record:B-471,train,B,3
1,B-472,record:B-472,train,B,4
1,B-474,record:B-474,train,B,5
1,B-475,record:B-475,train,B,4
1,B-476,record:B-476,train,B,5
1,B-479,record:B-479,train,B,3
1,B-480,record:B-480,train,B,3
1,B-481,record:B-481,train,B,3
1,B-483,record:B-483,train,B,3
1,B-484,record:B-484,train,B,4
1,B-485,record:B-485,train,B,3
1,B-511,record:B-511,train,B,4
1,B-513,record:B-513,train,B,4
1,B-517,record:B-517,train,B,4
1,B-518,record:B-518,train,B,4
1,B-519,record:B-519,train,B,4
1,B-520,record:B-520,train,B,4
1,B-521,record:B-521,train,B,4
1,B-522,record:B-522,train,B,4
1,B-525,record:B-525,train,B,4
1,B-527,record:B-527,train,B,5
1,B-528,record:B-528,train,B,5
1,B-532,record:B-532,train,B,5
1,B-533,record:B-533,train,B,5
1,B-534,record:B-534,train,B,5
1,B-537,record:B-537,train,B,3
1,B-538,record:B-538,train,B,4
1,B-541,record:B-541,train,B,5
1,B-543,record:B-543,train,B,5
1,B-544,record:B-544,train,B,5
1,B-683,record:B-683,train,B,2
1,B-684,record:B-684,train,B,2
1,B-685,record:B-685,train,B,5
1,B-693,record:B-693,train,B,2
1,B-694,record:B-694,train,B,3
1,B-706,record:B-706,train,B,4
1,B-734,record:B-734,train,B,2
1,B-757,record:B-757,train,B,2
1,B-758,record:B-758,train,B,4
1,B-759,record:B-759,train,B,2
1,B-760,record:B-760,train,B,4
1,B-761,record:B-761,train,B,3
1,B-766,record:B-766,train,B,2
1,B-767,record:B-767,train,B,3
1,B-768,record:B-768,train,B,4
1,B-769,record:B-769,train,B,4
1,B-770,record:B-770,train,B,3
1,B-771,record:B-771,train,B,2
1,B-775,record:B-775,train,B,2
1,B-840,record:B-840,train,B,5
1,B-841,record:B-841,train,B,5
1,B-842,record:B-842,train,B,4
1,B-843,record:B-843,train,B,5
1,B-847,record:B-847,train,B,5
1,B-848,record:B-848,train,B,5
1,B-850,record:B-850,train,B,2
1,B-852,record:B-852,train,B,5
1,B-854,record:B-854,train,B,5
1,B-855,record:B-855,train,B,5
1,B-859,record:B-859,train,B,5
1,B-863,record:B-863,train,B,5
1,B-864,record:B-864,train,B,5
1,B-865,record:B-865,train,B,5
1,B-866,record:B-866,train,B,2
1,B-868,record:B-868,train,B,5
1,B-869,record:B-869,train,B,5
1,B-870,record:B-870,train,B,5
1,B-872,record:B-872,train,B,5
1,B-873,record:B-873,train,B,4
1,B-874,record:B-874,train,B,5
1,B-876,record:B-876,train,B,5
1,B-878,record:B-878,train,B,5
1,B-880,record:B-880,train,B,5
1,B-881,record:B-881,train,B,4
1,B-883,record:B-883,train,B,4
1,B-884,record:B-884,train,B,5
1,B-885,record:B-885,train,B,5
1,B-887,record:B-887,train,B,3
1,B-888,record:B-888,train,B,5
1,B-889,record:B-889,train,B,5
1,B-890,record:B-890,train,B,2
1,B-893,record:B-893,train,B,2
1,B-897,record:B-897,train,B,4
1,B-898,record:B-898,train,B,4
1,B-899,record:B-899,train,B,5
1,B-900,record:B-900,train,B,2
1,B-902,record:B-902,train,B,2
1,B-909,record:B-909,train,B,4
1,C-1,record:C-1,train,C,2
1,C-10,record:C-10,train,C,2
1,C-11,record:C-11,train,C,2
1,C-5,record:C-5,train,C,2
1,C-573,record:C-573,train,C,4
1,C-577,record:C-577,train,C,4
1,C-579,record:C-579,train,C,4
1,C-580,record:C-580,train,C,4
1,C-581,record:C-581,train,C,4
1,C-583,record:C-583,train,C,4
1,C-586,record:C-586,train,C,4
1,C-587,record:C-587,train,C,4
1,C-588,record:C-588,train,C,4
1,C-589,record:C-589,train,C,4
1,C-590,record:C-590,train,C,2
1,C-594,record:C-594,train,C,2
1,C-595,record:C-595,train,C,2
1,C-596,record:C-596,train,C,2
1,C-599,record:C-599,train,C,2
1,C-601,record:C-601,train,C,2
1,C-604,record:C-604,train,C,2
1,C-606,record:C-606,train,C,2
1,C-608,record:C-608,train,C,2
1,C-609,record:C-609,train,C,2
1,C-610,record:C-610,train,C,2
1,C-611,record:C-611,train,C,2
1,C-613,record:C-613,train,C,2
1,C-614,record:C-614,train,C,4
1,C-615,record:C-615,train,C,4
1,C-616,record:C-616,train,C,4
1,C-617,record:C-617,train,C,4
1,C-618,record:C-618,train,C,4
1,C-619,record:C-619,train,C,4
1,C-620,record:C-620,train,C,4
1,C-622,record:C-622,train,C,4
1,C-623,record:C-623,train,C,4
1,C-626,record:C-626,train,C,4
1,C-630,record:C-630,train,C,4
1,C-631,record:C-631,train,C,4
1,C-633,record:C-633,train,C,4
1,C-634,record:C-634,train,C,4
1,C-638,record:C-638,train,C,4
1,C-639,record:C-639,train,C,4
1,C-640,record:C-640,train,C,4
1,C-641,record:C-641,train,C,4
1,C-643,record:C-643,train,C,4
1,C-646,record:C-646,train,C,4
1,C-647,record:C-647,train,C,4
1,C-648,record:C-648,train,C,4
1,C-650,record:C-650,train,C,4
1,C-651,record:C-651,train,C,4
1,C-652,record:C-652,train,C,4
1,C-654,record:C-654,train,C,4
1,C-655,record:C-655,train,C,4
1,C-656,record:C-656,train,C,4
1,C-657,record:C-657,train,C,4
1,C-658,record:C-658,train,C,4
1,C-659,record:C-659,train,C,4
1,C-660,record:C-660,train,C,4
1,C-662,record:C-662,train,C,4
1,C-663,record:C-663,train,C,4
1,C-665,record:C-665,train,C,4
1,C-666,record:C-666,train,C,4
1,C-669,record:C-669,train,C,4
1,C-671,record:C-671,train,C,4
1,C-672,record:C-672,train,C,4
1,C-673,record:C-673,train,C,4
1,C-674,record:C-674,train,C,4
1,C-675,record:C-675,train,C,4
1,C-677,record:C-677,train,C,4
1,C-678,record:C-678,train,C,4
1,C-680,record:C-680,train,C,4
1,C-681,record:C-681,train,C,4
1,C-682,record:C-682,train,C,4
1,C-683,record:C-683,train,C,4
1,C-684,record:C-684,train,C,4
1,C-685,record:C-685,train,C,4
1,C-686,record:C-686,train,C,4
1,C-688,record:C-688,train,C,4
1,C-691,record:C-691,train,C,4
1,C-693,record:C-693,train,C,4
1,C-694,record:C-694,train,C,4
1,C-696,record:C-696,train,C,4
1,C-697,record:C-697,train,C,4
1,C-699,record:C-699,train,C,4
1,C-701,record:C-701,train,C,4
1,C-705,record:C-705,train,C,4
1,C-706,record:C-706,train,C,4
1,C-707,record:C-707,train,C,4
1,C-708,record:C-708,train,C,4
1,C-709,record:C-709,train,C,4
1,C-712,record:C-712,train,C,4
1,C-716,record:C-716,train,C,3
1,C-718,record:C-718,train,C,4
1,C-719,record:C-719,train,C,4
1,C-724,record:C-724,train,C,4
1,C-726,record:C-726,train,C,4
1,C-728,record:C-728,train,C,4
1,C-729,record:C-729,train,C,4
1,C-730,record:C-730,train,C,4
1,C-732,record:C-732,train,C,4
1,C-733,record:C-733,train,C,4
1,C-734,record:C-734,train,C,4
1,C-735,record:C-735,train,C,4
1,C-739,record:C-739,train,C,4
1,C-740,record:C-740,train,C,4
1,C-741,record:C-741,train,C,4
1,C-743,record:C-743,train,C,4
1,C-746,record:C-746,train,C,4
1,C-747,record:C-747,train,C,4
1,C-748,record:C-748,train,C,4
1,C-750,record:C-750,train,C,4
1,C-751,record:C-751,train,C,4
1,C-752,record:C-752,train,C,4
1,C-753,record:C-753,train,C,4
1,C-754,record:C-754,train,C,4
1,C-756,record:C-756,train,C,4
1,C-757,record:C-757,train,C,4
1,C-758,record:C-758,train,C,4
1,C-759,record:C-759,train,C,4
1,C-760,record:C-760,train,C,4
1,C-761,record:C-761,train,C,4
1,C-763,record:C-763,train,C,4
1,C-765,record:C-765,train,C,4
1,C-770,record:C-770,train,C,2
1,C-771,record:C-771,train,C,2
1,C-772,record:C-772,train,C,2
1,C-776,record:C-776,train,C,2
1,C-779,record:C-779,train,C,2
1,C-792,record:C-792,train,C,2
1,C-8,record:C-8,train,C,2
1,C-804,record:C-804,train,C,4
1,C-805,record:C-805,train,C,3
1,C-808,record:C-808,train,C,4
1,C-810,record:C-810,train,C,4
1,G-1047,record:G-1047,train,G,2
1,G-1099,record:G-1099,train,G,3
1,G-1108,record:G-1108,train,G,3
1,G-1113,record:G-1113,train,G,3
1,G-1262,record:G-1262,train,G,3
1,G-1284,record:G-1284,train,G,3
1,G-17,record:G-17,train,G,3
1,G-259,record:G-259,train,G,2
1,G-356,record:G-356,train,G,3
1,G-357,record:G-357,train,G,3
1,G-359,record:G-359,train,G,2
1,G-361,record:G-361,train,G,3
1,G-362,record:G-362,train,G,3
1,G-363,record:G-363,train,G,3
1,G-444,record:G-444,train,G,2
1,G-445,record:G-445,train,G,2
1,G-446,record:G-446,train,G,2
1,G-451,record:G-451,train,G,3
1,G-453,record:G-453,train,G,2
1,G-454,record:G-454,train,G,2
1,G-456,record:G-456,train,G,3
1,G-457,record:G-457,train,G,2
1,G-462,record:G-462,train,G,2
1,G-471,record:G-471,train,G,2
1,G-472,record:G-472,train,G,2
1,G-478,record:G-478,train,G,2
1,G-8,record:G-8,train,G,2
1,N-1000,record:N-1000,train,N,5
1,N-1001,record:N-1001,train,N,5
1,N-1004,record:N-1004,train,N,5
1,N-1005,record:N-1005,train,N,5
1,N-1006,record:N-1006,train,N,5
1,N-1007,record:N-1007,train,N,5
1,N-1008,record:N-1008,train,N,3
1,N-1012,record:N-1012,train,N,4
1,N-1014,record:N-1014,train,N,3
1,N-1015,record:N-1015,train,N,3
1,N-1018,record:N-1018,train,N,3
1,N-1019,record:N-1019,train,N,3
1,N-1021,record:N-1021,train,N,3
1,N-1022,record:N-1022,train,N,3
1,N-1023,record:N-1023,train,N,3
1,N-1024,record:N-1024,train,N,3
1,N-1025,record:N-1025,train,N,3
1,N-1027,record:N-1027,train,N,3
1,N-1030,record:N-1030,train,N,3
1,N-1031,record:N-1031,train,N,3
1,N-1032,record:N-1032,train,N,3
1,N-1033,record:N-1033,train,N,3
1,N-1034,record:N-1034,train,N,3
1,N-1035,record:N-1035,train,N,3
1,N-1036,record:N-1036,train,N,3
1,N-1042,record:N-1042,train,N,3
1,N-1043,record:N-1043,train,N,3
1,N-1045,record:N-1045,train,N,3
1,N-1046,record:N-1046,train,N,3
1,N-1047,record:N-1047,train,N,3
1,N-1048,record:N-1048,train,N,3
1,N-1049,record:N-1049,train,N,3
1,N-1050,record:N-1050,train,N,4
1,N-1053,record:N-1053,train,N,3
1,N-1054,record:N-1054,train,N,3
1,N-1057,record:N-1057,train,N,3
1,N-1058,record:N-1058,train,N,3
1,N-1059,record:N-1059,train,N,4
1,N-1060,record:N-1060,train,N,3
1,N-1063,record:N-1063,train,N,3
1,N-1065,record:N-1065,train,N,3
1,N-1067,record:N-1067,train,N,4
1,N-1068,record:N-1068,train,N,3
1,N-1069,record:N-1069,train,N,3
1,N-1070,record:N-1070,train,N,3
1,N-1071,record:N-1071,train,N,3
1,N-1072,record:N-1072,train,N,3
1,N-1073,record:N-1073,train,N,3
1,N-1074,record:N-1074,train,N,3
1,N-1075,record:N-1075,train,N,3
1,N-1076,record:N-1076,train,N,3
1,N-1077,record:N-1077,train,N,3
1,N-1079,record:N-1079,train,N,3
1,N-1080,record:N-1080,train,N,3
1,N-1081,record:N-1081,train,N,3
1,N-1082,record:N-1082,train,N,3
1,N-1083,record:N-1083,train,N,3
1,N-1084,record:N-1084,train,N,3
1,N-1085,record:N-1085,train,N,3
1,N-1088,record:N-1088,train,N,3
1,N-1089,record:N-1089,train,N,3
1,N-1092,record:N-1092,train,N,3
1,N-1093,record:N-1093,train,N,3
1,N-1094,record:N-1094,train,N,3
1,N-1095,record:N-1095,train,N,3
1,N-1096,record:N-1096,train,N,3
1,N-1097,record:N-1097,train,N,3
1,N-1098,record:N-1098,train,N,3
1,N-1099,record:N-1099,train,N,3
1,N-1101,record:N-1101,train,N,3
1,N-1104,record:N-1104,train,N,3
1,N-1105,record:N-1105,train,N,3
1,N-1106,record:N-1106,train,N,3
1,N-1108,record:N-1108,train,N,3
1,N-1109,record:N-1109,train,N,3
1,N-1111,record:N-1111,train,N,3
1,N-1112,record:N-1112,train,N,3
1,N-1113,record:N-1113,train,N,3
1,N-1114,record:N-1114,train,N,3
1,N-1115,record:N-1115,train,N,3
1,N-1119,record:N-1119,train,N,3
1,N-1120,record:N-1120,train,N,3
1,N-1121,record:N-1121,train,N,3
1,N-1122,record:N-1122,train,N,3
1,N-1123,record:N-1123,train,N,3
1,N-1124,record:N-1124,train,N,3
1,N-1125,record:N-1125,train,N,3
1,N-1126,record:N-1126,train,N,3
1,N-1127,record:N-1127,train,N,3
1,N-1128,record:N-1128,train,N,3
1,N-1129,record:N-1129,train,N,3
1,N-1130,record:N-1130,train,N,3
1,N-1131,record:N-1131,train,N,3
1,N-1133,record:N-1133,train,N,3
1,N-1134,record:N-1134,train,N,3
1,N-1136,record:N-1136,train,N,3
1,N-1139,record:N-1139,train,N,3
1,N-1140,record:N-1140,train,N,3
1,N-1142,record:N-1142,train,N,3
1,N-1143,record:N-1143,train,N,3
1,N-1144,record:N-1144,train,N,3
1,N-1145,record:N-1145,train,N,3
1,N-1149,record:N-1149,train,N,3
1,N-1151,record:N-1151,train,N,3
1,N-1152,record:N-1152,train,N,3
1,N-1153,record:N-1153,train,N,3
1,N-1156,record:N-1156,train,N,3
1,N-1160,record:N-1160,train,N,3
1,N-1161,record:N-1161,train,N,3
1,N-1162,record:N-1162,train,N,3
1,N-1163,record:N-1163,train,N,3
1,N-1164,record:N-1164,train,N,3
1,N-1165,record:N-1165,train,N,3
1,N-1166,record:N-1166,train,N,3
1,N-1168,record:N-1168,train,N,3
1,N-1169,record:N-1169,train,N,3
1,N-1171,record:N-1171,train,N,3
1,N-1172,record:N-1172,train,N,3
1,N-1173,record:N-1173,train,N,3
1,N-1174,record:N-1174,train,N,3
1,N-1177,record:N-1177,train,N,2
1,N-1178,record:N-1178,train,N,2
1,N-1179,record:N-1179,train,N,2
1,N-1180,record:N-1180,train,N,2
1,N-1181,record:N-1181,train,N,2
1,N-1183,record:N-1183,train,N,2
1,N-1184,record:N-1184,train,N,2
1,N-1185,record:N-1185,train,N,2
1,N-1187,record:N-1187,train,N,2
1,N-1191,record:N-1191,train,N,2
1,N-1192,record:N-1192,train,N,2
1,N-1195,record:N-1195,train,N,2
1,N-1197,record:N-1197,train,N,2
1,N-1198,record:N-1198,train,N,2
1,N-1199,record:N-1199,train,N,2
1,N-12,record:N-12,train,N,2
1,N-1201,record:N-1201,train,N,2
1,N-1202,record:N-1202,train,N,2
1,N-1203,record:N-1203,train,N,2
1,N-1204,record:N-1204,train,N,2
1,N-1205,record:N-1205,train,N,2
1,N-1207,record:N-1207,train,N,2
1,N-1209,record:N-1209,train,N,2
1,N-1210,record:N-1210,train,N,2
1,N-1211,record:N-1211,train,N,2
1,N-1212,record:N-1212,train,N,2
1,N-1213,record:N-1213,train,N,2
1,N-1214,record:N-1214,train,N,2
1,N-1215,record:N-1215,train,N,2
1,N-1219,record:N-1219,train,N,2
1,N-1220,record:N-1220,train,N,2
1,N-1221,record:N-1221,train,N,2
1,N-1222,record:N-1222,train,N,2
1,N-1223,record:N-1223,train,N,2
1,N-1224,record:N-1224,train,N,2
1,N-1225,record:N-1225,train,N,2
1,N-1226,record:N-1226,train,N,2
1,N-1227,record:N-1227,train,N,2
1,N-1228,record:N-1228,train,N,2
1,N-1229,record:N-1229,train,N,2
1,N-1230,record:N-1230,train,N,2
1,N-1232,record:N-1232,train,N,2
1,N-1234,record:N-1234,train,N,2
1,N-1235,record:N-1235,train,N,2
1,N-1236,record:N-1236,train,N,2
1,N-1237,record:N-1237,train,N,2
1,N-1239,record:N-1239,train,N,2
1,N-1240,record:N-1240,train,N,2
1,N-1241,record:N-1241,train,N,2
1,N-1242,record:N-1242,train,N,2
1,N-1244,record:N-1244,train,N,2
1,N-1246,record:N-1246,train,N,2
1,N-1247,record:N-1247,train,N,2
1,N-1248,record:N-1248,train,N,2
1,N-1249,record:N-1249,train,N,2
1,N-1250,record:N-1250,train,N,2
1,N-1251,record:N-1251,train,N,2
1,N-1252,record:N-1252,train,N,2
1,N-1253,record:N-1253,train,N,2
1,N-1254,record:N-1254,train,N,2
1,N-1255,record:N-1255,train,N,2
1,N-1256,record:N-1256,train,N,2
1,N-1258,record:N-1258,train,N,2
1,N-1259,record:N-1259,train,N,2
1,N-1260,record:N-1260,train,N,2
1,N-1261,record:N-1261,train,N,2
1,N-1262,record:N-1262,train,N,2
1,N-1263,record:N-1263,train,N,2
1,N-1264,record:N-1264,train,N,2
1,N-1266,record:N-1266,train,N,2
1,N-1268,record:N-1268,train,N,2
1,N-1269,record:N-1269,train,N,2
1,N-1270,record:N-1270,train,N,2
1,N-1271,record:N-1271,train,N,2
1,N-1272,record:N-1272,train,N,2
1,N-1273,record:N-1273,train,N,2
1,N-1274,record:N-1274,train,N,2
1,N-13,record:N-13,train,N,2
1,N-139,record:N-139,train,N,4
1,N-14,record:N-14,train,N,4
1,N-140,record:N-140,train,N,3
1,N-143,record:N-143,train,N,3
1,N-144,record:N-144,train,N,2
1,N-145,record:N-145,train,N,4
1,N-148,record:N-148,train,N,4
1,N-15,record:N-15,train,N,4
1,N-150,record:N-150,train,N,3
1,N-151,record:N-151,train,N,4
1,N-153,record:N-153,train,N,3
1,N-154,record:N-154,train,N,3
1,N-155,record:N-155,train,N,3
1,N-159,record:N-159,train,N,2
1,N-16,record:N-16,train,N,4
1,N-162,record:N-162,train,N,3
1,N-164,record:N-164,train,N,3
1,N-165,record:N-165,train,N,4
1,N-166,record:N-166,train,N,4
1,N-1661,record:N-1661,train,N,3
1,N-1662,record:N-1662,train,N,2
1,N-1663,record:N-1663,train,N,2
1,N-1664,record:N-1664,train,N,2
1,N-1666,record:N-1666,train,N,2
1,N-1667,record:N-1667,train,N,4
1,N-1668,record:N-1668,train,N,2
1,N-1669,record:N-1669,train,N,4
1,N-167,record:N-167,train,N,3
1,N-1670,record:N-1670,train,N,3
1,N-1671,record:N-1671,train,N,3
1,N-1672,record:N-1672,train,N,2
1,N-1676,record:N-1676,train,N,5
1,N-1677,record:N-1677,train,N,4
1,N-168,record:N-168,train,N,4
1,N-1682,record:N-1682,train,N,2
1,N-1683,record:N-1683,train,N,2
1,N-1684,record:N-1684,train,N,3
1,N-1686,record:N-1686,train,N,3
1,N-1687,record:N-1687,train,N,3
1,N-1688,record:N-1688,train,N,3
1,N-169,record:N-169,train,N,2
1,N-1690,record:N-1690,train,N,2
1,N-1693,record:N-1693,train,N,3
1,N-1694,record:N-1694,train,N,3
1,N-1695,record:N-1695,train,N,2
1,N-1696,record:N-1696,train,N,2
1,N-1698,record:N-1698,train,N,2
1,N-1700,record:N-1700,train,N,2
1,N-1702,record:N-1702,train,N,3
1,N-1703,record:N-1703,train,N,2
1,N-1704,record:N-1704,train,N,2
1,N-1705,record:N-1705,train,N,2
1,N-1707,record:N-1707,train,N,2
1,N-1709,record:N-1709,train,N,2
1,N-1710,record:N-1710,train,N,2
1,N-1711,record:N-1711,train,N,3
1,N-1712,record:N-1712,train,N,2
1,N-1713,record:N-1713,train,N,2
1,N-1714,record:N-1714,train,N,2
1,N-1715,record:N-1715,train,N,2
1,N-1716,record:N-1716,train,N,3
1,N-1718,record:N-1718,train,N,2
1,N-172,record:N-172,train,N,4
1,N-1720,record:N-1720,train,N,3
1,N-1722,record:N-1722,train,N,2
1,N-1724,record:N-1724,train,N,3
1,N-1726,record:N-1726,train,N,2
1,N-1729,record:N-1729,train,N,2
1,N-173,record:N-173,train,N,2
1,N-1730,record:N-1730,train,N,4
1,N-1731,record:N-1731,train,N,2
1,N-1732,record:N-1732,train,N,2
1,N-1733,record:N-1733,train,N,2
1,N-1734,record:N-1734,train,N,2
1,N-1735,record:N-1735,train,N,2
1,N-1736,record:N-1736,train,N,2
1,N-1738,record:N-1738,train,N,2
1,N-1739,record:N-1739,train,N,2
1,N-174,record:N-174,train,N,3
1,N-1740,record:N-1740,train,N,2
1,N-1741,record:N-1741,train,N,3
1,N-1744,record:N-1744,train,N,2
1,N-1745,record:N-1745,train,N,2
1,N-1746,record:N-1746,train,N,2
1,N-1749,record:N-1749,train,N,3
1,N-175,record:N-175,train,N,3
1,N-1750,record:N-1750,train,N,4
1,N-1753,record:N-1753,train,N,2
1,N-1755,record:N-1755,train,N,2
1,N-1757,record:N-1757,train,N,2
1,N-1758,record:N-1758,train,N,2
1,N-1759,record:N-1759,train,N,3
1,N-1760,record:N-1760,train,N,2
1,N-1761,record:N-1761,train,N,2
1,N-1762,record:N-1762,train,N,2
1,N-1763,record:N-1763,train,N,5
1,N-1765,record:N-1765,train,N,2
1,N-1768,record:N-1768,train,N,3
1,N-1769,record:N-1769,train,N,2
1,N-177,record:N-177,train,N,3
1,N-1770,record:N-1770,train,N,4
1,N-1771,record:N-1771,train,N,2
1,N-1772,record:N-1772,train,N,3
1,N-1773,record:N-1773,train,N,4
1,N-1775,record:N-1775,train,N,2
1,N-1776,record:N-1776,train,N,4
1,N-1777,record:N-1777,train,N,3
1,N-1778,record:N-1778,train,N,3
1,N-1779,record:N-1779,train,N,2
1,N-1780,record:N-1780,train,N,3
1,N-1781,record:N-1781,train,N,3
1,N-1782,record:N-1782,train,N,2
1,N-1783,record:N-1783,train,N,2
1,N-1784,record:N-1784,train,N,2
1,N-1786,record:N-1786,train,N,2
1,N-1788,record:N-1788,train,N,2
1,N-1789,record:N-1789,train,N,3
1,N-179,record:N-179,train,N,3
1,N-1790,record:N-1790,train,N,3
1,N-1793,record:N-1793,train,N,2
1,N-1794,record:N-1794,train,N,2
1,N-1797,record:N-1797,train,N,2
1,N-1798,record:N-1798,train,N,3
1,N-1799,record:N-1799,train,N,2
1,N-1800,record:N-1800,train,N,2
1,N-1801,record:N-1801,train,N,4
1,N-1802,record:N-1802,train,N,2
1,N-1803,record:N-1803,train,N,3
1,N-1804,record:N-1804,train,N,3
1,N-1805,record:N-1805,train,N,3
1,N-1808,record:N-1808,train,N,3
1,N-1809,record:N-1809,train,N,3
1,N-1811,record:N-1811,train,N,2
1,N-1812,record:N-1812,train,N,3
1,N-1816,record:N-1816,train,N,3
1,N-1817,record:N-1817,train,N,3
1,N-1818,record:N-1818,train,N,2
1,N-1819,record:N-1819,train,N,2
1,N-182,record:N-182,train,N,3
1,N-1821,record:N-1821,train,N,3
1,N-1822,record:N-1822,train,N,2
1,N-1826,record:N-1826,train,N,2
1,N-1828,record:N-1828,train,N,3
1,N-1829,record:N-1829,train,N,2
1,N-183,record:N-183,train,N,3
1,N-1830,record:N-1830,train,N,2
1,N-1832,record:N-1832,train,N,3
1,N-1833,record:N-1833,train,N,2
1,N-1835,record:N-1835,train,N,2
1,N-1836,record:N-1836,train,N,2
1,N-1837,record:N-1837,train,N,2
1,N-1838,record:N-1838,train,N,2
1,N-1839,record:N-1839,train,N,2
1,N-184,record:N-184,train,N,3
1,N-1840,record:N-1840,train,N,2
1,N-1841,record:N-1841,train,N,2
1,N-1844,record:N-1844,train,N,2
1,N-1847,record:N-1847,train,N,3
1,N-1848,record:N-1848,train,N,2
1,N-1849,record:N-1849,train,N,5
1,N-1851,record:N-1851,train,N,2
1,N-1852,record:N-1852,train,N,3
1,N-1853,record:N-1853,train,N,4
1,N-1854,record:N-1854,train,N,2
1,N-1855,record:N-1855,train,N,4
1,N-1857,record:N-1857,train,N,3
1,N-1858,record:N-1858,train,N,2
1,N-186,record:N-186,train,N,4
1,N-1860,record:N-1860,train,N,3
1,N-1861,record:N-1861,train,N,3
1,N-1862,record:N-1862,train,N,3
1,N-1863,record:N-1863,train,N,2
1,N-1864,record:N-1864,train,N,3
1,N-1867,record:N-1867,train,N,4
1,N-1868,record:N-1868,train,N,4
1,N-1869,record:N-1869,train,N,3
1,N-1870,record:N-1870,train,N,2
1,N-1871,record:N-1871,train,N,4
1,N-1872,record:N-1872,train,N,3
1,N-1873,record:N-1873,train,N,3
1,N-1874,record:N-1874,train,N,3
1,N-1875,record:N-1875,train,N,3
1,N-1877,record:N-1877,train,N,2
1,N-1881,record:N-1881,train,N,4
1,N-1882,record:N-1882,train,N,2
1,N-1883,record:N-1883,train,N,2
1,N-1884,record:N-1884,train,N,2
1,N-1885,record:N-1885,train,N,2
1,N-1886,record:N-1886,train,N,2
1,N-1887,record:N-1887,train,N,3
1,N-1888,record:N-1888,train,N,4
1,N-1890,record:N-1890,train,N,4
1,N-1891,record:N-1891,train,N,3
1,N-1893,record:N-1893,train,N,2
1,N-1894,record:N-1894,train,N,2
1,N-1895,record:N-1895,train,N,4
1,N-1897,record:N-1897,train,N,2
1,N-1898,record:N-1898,train,N,3
1,N-1899,record:N-1899,train,N,2
1,N-19,record:N-19,train,N,4
1,N-1900,record:N-1900,train,N,3
1,N-1902,record:N-1902,train,N,3
1,N-1903,record:N-1903,train,N,3
1,N-1904,record:N-1904,train,N,3
1,N-1906,record:N-1906,train,N,3
1,N-1907,record:N-1907,train,N,3
1,N-1910,record:N-1910,train,N,2
1,N-1913,record:N-1913,train,N,3
1,N-1914,record:N-1914,train,N,3
1,N-1915,record:N-1915,train,N,2
1,N-1916,record:N-1916,train,N,3
1,N-1917,record:N-1917,train,N,3
1,N-1918,record:N-1918,train,N,3
1,N-1919,record:N-1919,train,N,4
1,N-192,record:N-192,train,N,3
1,N-1920,record:N-1920,train,N,2
1,N-1923,record:N-1923,train,N,2
1,N-1924,record:N-1924,train,N,2
1,N-1925,record:N-1925,train,N,4
1,N-1926,record:N-1926,train,N,2
1,N-1928,record:N-1928,train,N,4
1,N-1929,record:N-1929,train,N,4
1,N-1932,record:N-1932,train,N,2
1,N-1934,record:N-1934,train,N,4
1,N-1936,record:N-1936,train,N,2
1,N-1937,record:N-1937,train,N,2
1,N-1939,record:N-1939,train,N,4
1,N-194,record:N-194,train,N,2
1,N-1940,record:N-1940,train,N,3
1,N-1942,record:N-1942,train,N,2
1,N-1943,record:N-1943,train,N,3
1,N-1945,record:N-1945,train,N,5
1,N-1947,record:N-1947,train,N,5
1,N-1949,record:N-1949,train,N,5
1,N-195,record:N-195,train,N,3
1,N-1951,record:N-1951,train,N,5
1,N-1953,record:N-1953,train,N,5
1,N-1954,record:N-1954,train,N,5
1,N-1957,record:N-1957,train,N,5
1,N-1958,record:N-1958,train,N,5
1,N-1959,record:N-1959,train,N,5
1,N-1963,record:N-1963,train,N,5
1,N-1964,record:N-1964,train,N,5
1,N-1965,record:N-1965,train,N,5
1,N-1966,record:N-1966,train,N,5
1,N-1967,record:N-1967,train,N,5
1,N-1968,record:N-1968,train,N,5
1,N-1971,record:N-1971,train,N,4
1,N-1974,record:N-1974,train,N,5
1,N-1975,record:N-1975,train,N,5
1,N-1976,record:N-1976,train,N,5
1,N-1977,record:N-1977,train,N,5
1,N-1978,record:N-1978,train,N,4
1,N-1979,record:N-1979,train,N,5
1,N-198,record:N-198,train,N,3
1,N-1980,record:N-1980,train,N,5
1,N-1981,record:N-1981,train,N,5
1,N-1984,record:N-1984,train,N,5
1,N-1985,record:N-1985,train,N,5
1,N-1987,record:N-1987,train,N,5
1,N-1988,record:N-1988,train,N,5
1,N-1989,record:N-1989,train,N,5
1,N-199,record:N-199,train,N,3
1,N-1990,record:N-1990,train,N,5
1,N-1991,record:N-1991,train,N,5
1,N-1992,record:N-1992,train,N,5
1,N-1994,record:N-1994,train,N,5
1,N-1997,record:N-1997,train,N,5
1,N-1998,record:N-1998,train,N,5
1,N-1999,record:N-1999,train,N,5
1,N-20,record:N-20,train,N,4
1,N-2002,record:N-2002,train,N,5
1,N-2004,record:N-2004,train,N,5
1,N-2005,record:N-2005,train,N,5
1,N-2006,record:N-2006,train,N,5
1,N-2007,record:N-2007,train,N,5
1,N-2008,record:N-2008,train,N,5
1,N-2009,record:N-2009,train,N,5
1,N-201,record:N-201,train,N,2
1,N-2010,record:N-2010,train,N,5
1,N-2012,record:N-2012,train,N,5
1,N-2013,record:N-2013,train,N,5
1,N-2015,record:N-2015,train,N,5
1,N-2017,record:N-2017,train,N,5
1,N-2018,record:N-2018,train,N,5
1,N-2019,record:N-2019,train,N,5
1,N-202,record:N-202,train,N,4
1,N-2020,record:N-2020,train,N,5
1,N-2021,record:N-2021,train,N,5
1,N-2022,record:N-2022,train,N,5
1,N-2024,record:N-2024,train,N,5
1,N-2026,record:N-2026,train,N,5
1,N-2027,record:N-2027,train,N,5
1,N-2028,record:N-2028,train,N,5
1,N-2029,record:N-2029,train,N,5
1,N-203,record:N-203,train,N,3
1,N-2030,record:N-2030,train,N,4
1,N-2031,record:N-2031,train,N,5
1,N-2032,record:N-2032,train,N,5
1,N-2034,record:N-2034,train,N,5
1,N-2035,record:N-2035,train,N,5
1,N-2036,record:N-2036,train,N,5
1,N-2038,record:N-2038,train,N,5
1,N-2039,record:N-2039,train,N,5
1,N-2040,record:N-2040,train,N,5
1,N-2042,record:N-2042,train,N,5
1,N-2043,record:N-2043,train,N,5
1,N-2044,record:N-2044,train,N,5
1,N-2045,record:N-2045,train,N,5
1,N-2046,record:N-2046,train,N,5
1,N-205,record:N-205,train,N,3
1,N-2052,record:N-2052,train,N,5
1,N-2053,record:N-2053,train,N,5
1,N-2054,record:N-2054,train,N,5
1,N-2056,record:N-2056,train,N,5
1,N-2059,record:N-2059,train,N,5
1,N-206,record:N-206,train,N,3
1,N-2060,record:N-2060,train,N,5
1,N-2062,record:N-2062,train,N,5
1,N-2063,record:N-2063,train,N,5
1,N-2064,record:N-2064,train,N,5
1,N-2066,record:N-2066,train,N,5
1,N-2067,record:N-2067,train,N,5
1,N-207,record:N-207,train,N,4
1,N-2071,record:N-2071,train,N,5
1,N-2072,record:N-2072,train,N,5
1,N-2074,record:N-2074,train,N,5
1,N-2075,record:N-2075,train,N,5
1,N-2076,record:N-2076,train,N,5
1,N-2077,record:N-2077,train,N,5
1,N-2078,record:N-2078,train,N,5
1,N-2079,record:N-2079,train,N,5
1,N-208,record:N-208,train,N,3
1,N-2082,record:N-2082,train,N,5
1,N-2083,record:N-2083,train,N,5
1,N-2084,record:N-2084,train,N,5
1,N-2085,record:N-2085,train,N,5
1,N-2086,record:N-2086,train,N,5
1,N-2089,record:N-2089,train,N,5
1,N-209,record:N-209,train,N,3
1,N-2090,record:N-2090,train,N,5
1,N-2091,record:N-2091,train,N,5
1,N-2092,record:N-2092,train,N,5
1,N-2093,record:N-2093,train,N,5
1,N-2094,record:N-2094,train,N,5
1,N-2096,record:N-2096,train,N,5
1,N-2097,record:N-2097,train,N,5
1,N-2098,record:N-2098,train,N,5
1,N-2099,record:N-2099,train,N,5
1,N-2100,record:N-2100,train,N,5
1,N-2102,record:N-2102,train,N,5
1,N-2103,record:N-2103,train,N,5
1,N-2105,record:N-2105,train,N,5
1,N-2106,record:N-2106,train,N,5
1,N-2107,record:N-2107,train,N,5
1,N-2108,record:N-2108,train,N,5
1,N-2109,record:N-2109,train,N,5
1,N-2110,record:N-2110,train,N,5
1,N-2112,record:N-2112,train,N,5
1,N-2113,record:N-2113,train,N,5
1,N-2114,record:N-2114,train,N,5
1,N-2118,record:N-2118,train,N,5
1,N-2119,record:N-2119,train,N,5
1,N-2120,record:N-2120,train,N,5
1,N-2121,record:N-2121,train,N,5
1,N-2122,record:N-2122,train,N,5
1,N-2123,record:N-2123,train,N,5
1,N-2129,record:N-2129,train,N,5
1,N-213,record:N-213,train,N,3
1,N-2130,record:N-2130,train,N,5
1,N-2131,record:N-2131,train,N,3
1,N-2133,record:N-2133,train,N,5
1,N-2134,record:N-2134,train,N,5
1,N-2136,record:N-2136,train,N,5
1,N-2137,record:N-2137,train,N,4
1,N-2138,record:N-2138,train,N,5
1,N-214,record:N-214,train,N,3
1,N-2140,record:N-2140,train,N,5
1,N-2141,record:N-2141,train,N,5
1,N-2142,record:N-2142,train,N,5
1,N-2144,record:N-2144,train,N,5
1,N-2145,record:N-2145,train,N,5
1,N-2146,record:N-2146,train,N,4
1,N-2147,record:N-2147,train,N,5
1,N-2149,record:N-2149,train,N,5
1,N-215,record:N-215,train,N,4
1,N-2150,record:N-2150,train,N,5
1,N-2152,record:N-2152,train,N,5
1,N-2153,record:N-2153,train,N,5
1,N-2154,record:N-2154,train,N,5
1,N-2155,record:N-2155,train,N,4
1,N-2156,record:N-2156,train,N,5
1,N-2157,record:N-2157,train,N,5
1,N-2158,record:N-2158,train,N,5
1,N-2159,record:N-2159,train,N,5
1,N-216,record:N-216,train,N,3
1,N-2161,record:N-2161,train,N,5
1,N-2162,record:N-2162,train,N,5
1,N-2163,record:N-2163,train,N,5
1,N-2165,record:N-2165,train,N,5
1,N-2166,record:N-2166,train,N,5
1,N-2167,record:N-2167,train,N,5
1,N-2169,record:N-2169,train,N,4
1,N-217,record:N-217,train,N,4
1,N-2170,record:N-2170,train,N,5
1,N-2173,record:N-2173,train,N,5
1,N-2174,record:N-2174,train,N,5
1,N-2176,record:N-2176,train,N,5
1,N-2177,record:N-2177,train,N,5
1,N-2178,record:N-2178,train,N,5
1,N-2179,record:N-2179,train,N,5
1,N-218,record:N-218,train,N,3
1,N-2180,record:N-2180,train,N,5
1,N-2181,record:N-2181,train,N,5
1,N-2182,record:N-2182,train,N,5
1,N-2183,record:N-2183,train,N,5
1,N-2184,record:N-2184,train,N,5
1,N-2185,record:N-2185,train,N,5
1,N-219,record:N-219,train,N,2
1,N-2190,record:N-2190,train,N,5
1,N-2191,record:N-2191,train,N,5
1,N-2193,record:N-2193,train,N,5
1,N-2194,record:N-2194,train,N,5
1,N-2195,record:N-2195,train,N,5
1,N-2196,record:N-2196,train,N,5
1,N-2198,record:N-2198,train,N,5
1,N-2200,record:N-2200,train,N,5
1,N-2201,record:N-2201,train,N,5
1,N-2202,record:N-2202,train,N,5
1,N-2204,record:N-2204,train,N,5
1,N-2205,record:N-2205,train,N,5
1,N-2207,record:N-2207,train,N,5
1,N-2209,record:N-2209,train,N,5
1,N-221,record:N-221,train,N,3
1,N-2211,record:N-2211,train,N,5
1,N-2213,record:N-2213,train,N,5
1,N-2214,record:N-2214,train,N,5
1,N-2215,record:N-2215,train,N,5
1,N-2216,record:N-2216,train,N,5
1,N-2217,record:N-2217,train,N,5
1,N-2218,record:N-2218,train,N,5
1,N-2219,record:N-2219,train,N,5
1,N-2221,record:N-2221,train,N,5
1,N-2223,record:N-2223,train,N,5
1,N-2224,record:N-2224,train,N,5
1,N-2225,record:N-2225,train,N,5
1,N-2226,record:N-2226,train,N,5
1,N-2228,record:N-2228,train,N,5
1,N-2229,record:N-2229,train,N,5
1,N-223,record:N-223,train,N,3
1,N-2231,record:N-2231,train,N,5
1,N-2232,record:N-2232,train,N,5
1,N-2234,record:N-2234,train,N,5
1,N-2235,record:N-2235,train,N,5
1,N-2236,record:N-2236,train,N,4
1,N-2238,record:N-2238,train,N,5
1,N-224,record:N-224,train,N,2
1,N-2240,record:N-2240,train,N,5
1,N-2243,record:N-2243,train,N,5
1,N-2244,record:N-2244,train,N,5
1,N-2245,record:N-2245,train,N,5
1,N-2246,record:N-2246,train,N,5
1,N-2247,record:N-2247,train,N,5
1,N-2248,record:N-2248,train,N,5
1,N-2251,record:N-2251,train,N,3
1,N-2252,record:N-2252,train,N,5
1,N-2256,record:N-2256,train,N,3
1,N-2257,record:N-2257,train,N,2
1,N-2258,record:N-2258,train,N,3
1,N-2259,record:N-2259,train,N,3
1,N-226,record:N-226,train,N,4
1,N-2260,record:N-2260,train,N,3
1,N-2264,record:N-2264,train,N,3
1,N-2265,record:N-2265,train,N,3
1,N-2266,record:N-2266,train,N,5
1,N-2268,record:N-2268,train,N,3
1,N-227,record:N-227,train,N,2
1,N-2272,record:N-2272,train,N,3
1,N-2275,record:N-2275,train,N,3
1,N-2277,record:N-2277,train,N,5
1,N-2278,record:N-2278,train,N,3
1,N-228,record:N-228,train,N,3
1,N-2280,record:N-2280,train,N,3
1,N-2281,record:N-2281,train,N,4
1,N-2282,record:N-2282,train,N,3
1,N-2283,record:N-2283,train,N,3
1,N-2284,record:N-2284,train,N,3
1,N-2285,record:N-2285,train,N,3
1,N-2287,record:N-2287,train,N,3
1,N-2289,record:N-2289,train,N,3
1,N-2290,record:N-2290,train,N,4
1,N-2294,record:N-2294,train,N,3
1,N-2295,record:N-2295,train,N,3
1,N-2297,record:N-2297,train,N,3
1,N-2298,record:N-2298,train,N,2
1,N-2299,record:N-2299,train,N,5
1,N-230,record:N-230,train,N,3
1,N-2300,record:N-2300,train,N,3
1,N-2302,record:N-2302,train,N,3
1,N-2304,record:N-2304,train,N,4
1,N-2305,record:N-2305,train,N,3
1,N-2306,record:N-2306,train,N,4
1,N-2309,record:N-2309,train,N,3
1,N-231,record:N-231,train,N,4
1,N-2310,record:N-2310,train,N,3
1,N-2311,record:N-2311,train,N,5
1,N-2312,record:N-2312,train,N,3
1,N-2314,record:N-2314,train,N,3
1,N-2318,record:N-2318,train,N,5
1,N-2319,record:N-2319,train,N,3
1,N-232,record:N-232,train,N,3
1,N-2320,record:N-2320,train,N,3
1,N-2321,record:N-2321,train,N,3
1,N-2322,record:N-2322,train,N,3
1,N-2323,record:N-2323,train,N,3
1,N-2324,record:N-2324,train,N,3
1,N-2328,record:N-2328,train,N,2
1,N-2329,record:N-2329,train,N,3
1,N-2330,record:N-2330,train,N,2
1,N-2331,record:N-2331,train,N,2
1,N-2332,record:N-2332,train,N,2
1,N-2333,record:N-2333,train,N,5
1,N-2334,record:N-2334,train,N,5
1,N-2335,record:N-2335,train,N,5
1,N-2338,record:N-2338,train,N,3
1,N-234,record:N-234,train,N,3
1,N-2341,record:N-2341,train,N,5
1,N-2342,record:N-2342,train,N,3
1,N-2344,record:N-2344,train,N,3
1,N-2348,record:N-2348,train,N,5
1,N-2349,record:N-2349,train,N,5
1,N-2351,record:N-2351,train,N,3
1,N-2352,record:N-2352,train,N,5
1,N-2353,record:N-2353,train,N,5
1,N-2354,record:N-2354,train,N,3
1,N-2355,record:N-2355,train,N,3
1,N-2356,record:N-2356,train,N,3
1,N-2357,record:N-2357,train,N,5
1,N-2359,record:N-2359,train,N,3
1,N-236,record:N-236,train,N,3
1,N-2361,record:N-2361,train,N,3
1,N-2362,record:N-2362,train,N,5
1,N-2363,record:N-2363,train,N,3
1,N-2364,record:N-2364,train,N,3
1,N-2365,record:N-2365,train,N,3
1,N-2367,record:N-2367,train,N,5
1,N-2368,record:N-2368,train,N,3
1,N-2369,record:N-2369,train,N,3
1,N-237,record:N-237,train,N,3
1,N-2371,record:N-2371,train,N,3
1,N-2372,record:N-2372,train,N,5
1,N-2373,record:N-2373,train,N,5
1,N-2374,record:N-2374,train,N,3
1,N-2375,record:N-2375,train,N,4
1,N-2376,record:N-2376,train,N,5
1,N-2377,record:N-2377,train,N,5
1,N-2378,record:N-2378,train,N,3
1,N-238,record:N-238,train,N,3
1,N-2380,record:N-2380,train,N,5
1,N-2381,record:N-2381,train,N,5
1,N-2382,record:N-2382,train,N,3
1,N-2383,record:N-2383,train,N,5
1,N-2384,record:N-2384,train,N,5
1,N-2385,record:N-2385,train,N,3
1,N-2386,record:N-2386,train,N,5
1,N-2387,record:N-2387,train,N,5
1,N-2388,record:N-2388,train,N,4
1,N-2389,record:N-2389,train,N,5
1,N-2390,record:N-2390,train,N,5
1,N-2392,record:N-2392,train,N,5
1,N-2394,record:N-2394,train,N,3
1,N-2395,record:N-2395,train,N,3
1,N-2400,record:N-2400,train,N,2
1,N-2402,record:N-2402,train,N,2
1,N-2404,record:N-2404,train,N,3
1,N-2405,record:N-2405,train,N,3
1,N-2407,record:N-2407,train,N,3
1,N-2408,record:N-2408,train,N,3
1,N-2409,record:N-2409,train,N,3
1,N-2410,record:N-2410,train,N,3
1,N-2412,record:N-2412,train,N,3
1,N-2414,record:N-2414,train,N,3
1,N-2415,record:N-2415,train,N,3
1,N-2416,record:N-2416,train,N,3
1,N-2418,record:N-2418,train,N,3
1,N-2419,record:N-2419,train,N,2
1,N-242,record:N-242,train,N,4
1,N-2420,record:N-2420,train,N,2
1,N-2421,record:N-2421,train,N,3
1,N-2422,record:N-2422,train,N,3
1,N-2428,record:N-2428,train,N,2
1,N-2429,record:N-2429,train,N,3
1,N-243,record:N-243,train,N,3
1,N-2430,record:N-2430,train,N,3
1,N-2433,record:N-2433,train,N,2
1,N-2434,record:N-2434,train,N,2
1,N-2435,record:N-2435,train,N,2
1,N-2436,record:N-2436,train,N,2
1,N-2437,record:N-2437,train,N,3
1,N-2438,record:N-2438,train,N,3
1,N-2439,record:N-2439,train,N,3
1,N-244,record:N-244,train,N,3
1,N-2440,record:N-2440,train,N,2
1,N-2441,record:N-2441,train,N,2
1,N-2442,record:N-2442,train,N,3
1,N-2443,record:N-2443,train,N,2
1,N-2447,record:N-2447,train,N,2
1,N-2449,record:N-2449,train,N,2
1,N-245,record:N-245,train,N,3
1,N-2451,record:N-2451,train,N,3
1,N-2452,record:N-2452,train,N,2
1,N-2454,record:N-2454,train,N,2
1,N-2456,record:N-2456,train,N,3
1,N-2458,record:N-2458,train,N,3
1,N-246,record:N-246,train,N,4
1,N-2461,record:N-2461,train,N,2
1,N-2464,record:N-2464,train,N,3
1,N-2465,record:N-2465,train,N,3
1,N-2466,record:N-2466,train,N,3
1,N-2468,record:N-2468,train,N,2
1,N-2469,record:N-2469,train,N,3
1,N-247,record:N-247,train,N,3
1,N-2470,record:N-2470,train,N,3
1,N-2472,record:N-2472,train,N,2
1,N-2473,record:N-2473,train,N,2
1,N-2474,record:N-2474,train,N,3
1,N-2475,record:N-2475,train,N,3
1,N-2476,record:N-2476,train,N,2
1,N-2477,record:N-2477,train,N,3
1,N-2479,record:N-2479,train,N,3
1,N-248,record:N-248,train,N,4
1,N-2481,record:N-2481,train,N,2
1,N-2482,record:N-2482,train,N,3
1,N-2483,record:N-2483,train,N,3
1,N-2485,record:N-2485,train,N,3
1,N-2486,record:N-2486,train,N,3
1,N-2488,record:N-2488,train,N,3
1,N-2491,record:N-2491,train,N,3
1,N-2492,record:N-2492,train,N,2
1,N-2493,record:N-2493,train,N,2
1,N-2494,record:N-2494,train,N,2
1,N-2495,record:N-2495,train,N,2
1,N-2496,record:N-2496,train,N,2
1,N-2497,record:N-2497,train,N,2
1,N-2498,record:N-2498,train,N,2
1,N-2500,record:N-2500,train,N,3
1,N-2501,record:N-2501,train,N,3
1,N-2503,record:N-2503,train,N,2
1,N-2505,record:N-2505,train,N,3
1,N-2507,record:N-2507,train,N,2
1,N-2508,record:N-2508,train,N,3
1,N-2509,record:N-2509,train,N,2
1,N-2510,record:N-2510,train,N,2
1,N-2511,record:N-2511,train,N,2
1,N-2512,record:N-2512,train,N,2
1,N-2513,record:N-2513,train,N,3
1,N-2514,record:N-2514,train,N,3
1,N-2515,record:N-2515,train,N,3
1,N-2517,record:N-2517,train,N,3
1,N-2518,record:N-2518,train,N,3
1,N-252,record:N-252,train,N,4
1,N-253,record:N-253,train,N,2
1,N-254,record:N-254,train,N,3
1,N-256,record:N-256,train,N,4
1,N-258,record:N-258,train,N,4
1,N-259,record:N-259,train,N,3
1,N-260,record:N-260,train,N,3
1,N-261,record:N-261,train,N,3
1,N-2611,record:N-2611,train,N,5
1,N-2612,record:N-2612,train,N,4
1,N-2613,record:N-2613,train,N,4
1,N-2614,record:N-2614,train,N,4
1,N-2618,record:N-2618,train,N,4
1,N-262,record:N-262,train,N,4
1,N-2621,record:N-2621,train,N,2
1,N-2623,record:N-2623,train,N,2
1,N-2625,record:N-2625,train,N,2
1,N-2626,record:N-2626,train,N,2
1,N-2627,record:N-2627,train,N,2
1,N-263,record:N-263,train,N,3
1,N-2630,record:N-2630,train,N,2
1,N-2633,record:N-2633,train,N,2
1,N-2634,record:N-2634,train,N,2
1,N-2635,record:N-2635,train,N,2
1,N-2637,record:N-2637,train,N,2
1,N-2638,record:N-2638,train,N,2
1,N-264,record:N-264,train,N,2
1,N-2641,record:N-2641,train,N,2
1,N-2643,record:N-2643,train,N,2
1,N-2644,record:N-2644,train,N,2
1,N-2649,record:N-2649,train,N,4
1,N-265,record:N-265,train,N,3
1,N-2650,record:N-2650,train,N,3
1,N-2662,record:N-2662,train,N,5
1,N-2666,record:N-2666,train,N,5
1,N-2674,record:N-2674,train,N,5
1,N-2676,record:N-2676,train,N,5
1,N-2679,record:N-2679,train,N,5
1,N-2926,record:N-2926,train,N,3
1,N-2927,record:N-2927,train,N,3
1,N-293,record:N-293,train,N,2
1,N-294,record:N-294,train,N,2
1,N-295,record:N-295,train,N,2
1,N-297,record:N-297,train,N,2
1,N-299,record:N-299,train,N,2
1,N-2992,record:N-2992,train,N,5
1,N-2993,record:N-2993,train,N,5
1,N-300,record:N-300,train,N,2
1,N-302,record:N-302,train,N,2
1,N-303,record:N-303,train,N,2
1,N-304,record:N-304,train,N,2
1,N-308,record:N-308,train,N,2
1,N-316,record:N-316,train,N,2
1,N-318,record:N-318,train,N,2
1,N-322,record:N-322,train,N,2
1,N-323,record:N-323,train,N,2
1,N-325,record:N-325,train,N,2
1,N-326,record:N-326,train,N,3
1,N-327,record:N-327,train,N,2
1,N-328,record:N-328,train,N,3
1,N-332,record:N-332,train,N,5
1,N-333,record:N-333,train,N,5
1,N-336,record:N-336,train,N,5
1,N-337,record:N-337,train,N,4
1,N-339,record:N-339,train,N,5
1,N-340,record:N-340,train,N,5
1,N-341,record:N-341,train,N,5
1,N-342,record:N-342,train,N,5
1,N-345,record:N-345,train,N,5
1,N-346,record:N-346,train,N,5
1,N-347,record:N-347,train,N,5
1,N-349,record:N-349,train,N,5
1,N-350,record:N-350,train,N,5
1,N-351,record:N-351,train,N,5
1,N-353,record:N-353,train,N,5
1,N-354,record:N-354,train,N,5
1,N-355,record:N-355,train,N,5
1,N-358,record:N-358,train,N,5
1,N-360,record:N-360,train,N,5
1,N-362,record:N-362,train,N,5
1,N-363,record:N-363,train,N,5
1,N-364,record:N-364,train,N,5
1,N-365,record:N-365,train,N,5
1,N-366,record:N-366,train,N,5
1,N-367,record:N-367,train,N,5
1,N-368,record:N-368,train,N,5
1,N-369,record:N-369,train,N,5
1,N-370,record:N-370,train,N,5
1,N-371,record:N-371,train,N,5
1,N-372,record:N-372,train,N,5
1,N-375,record:N-375,train,N,5
1,N-377,record:N-377,train,N,5
1,N-378,record:N-378,train,N,5
1,N-379,record:N-379,train,N,5
1,N-380,record:N-380,train,N,5
1,N-381,record:N-381,train,N,5
1,N-382,record:N-382,train,N,5
1,N-383,record:N-383,train,N,5
1,N-386,record:N-386,train,N,5
1,N-387,record:N-387,train,N,5
1,N-389,record:N-389,train,N,5
1,N-390,record:N-390,train,N,5
1,N-392,record:N-392,train,N,5
1,N-393,record:N-393,train,N,5
1,N-394,record:N-394,train,N,5
1,N-395,record:N-395,train,N,5
1,N-396,record:N-396,train,N,5
1,N-397,record:N-397,train,N,5
1,N-398,record:N-398,train,N,5
1,N-399,record:N-399,train,N,5
1,N-401,record:N-401,train,N,5
1,N-402,record:N-402,train,N,5
1,N-403,record:N-403,train,N,5
1,N-404,record:N-404,train,N,5
1,N-405,record:N-405,train,N,5
1,N-407,record:N-407,train,N,5
1,N-408,record:N-408,train,N,5
1,N-409,record:N-409,train,N,5
1,N-411,record:N-411,train,N,5
1,N-412,record:N-412,train,N,5
1,N-413,record:N-413,train,N,5
1,N-416,record:N-416,train,N,5
1,N-417,record:N-417,train,N,5
1,N-418,record:N-418,train,N,5
1,N-419,record:N-419,train,N,5
1,N-420,record:N-420,train,N,5
1,N-423,record:N-423,train,N,5
1,N-429,record:N-429,train,N,5
1,N-431,record:N-431,train,N,5
1,N-433,record:N-433,train,N,5
1,N-435,record:N-435,train,N,5
1,N-437,record:N-437,train,N,5
1,N-440,record:N-440,train,N,5
1,N-442,record:N-442,train,N,5
1,N-443,record:N-443,train,N,5
1,N-444,record:N-444,train,N,5
1,N-446,record:N-446,train,N,5
1,N-447,record:N-447,train,N,4
1,N-448,record:N-448,train,N,5
1,N-449,record:N-449,train,N,5
1,N-450,record:N-450,train,N,5
1,N-451,record:N-451,train,N,5
1,N-452,record:N-452,train,N,4
1,N-453,record:N-453,train,N,5
1,N-455,record:N-455,train,N,5
1,N-456,record:N-456,train,N,5
1,N-457,record:N-457,train,N,5
1,N-459,record:N-459,train,N,5
1,N-461,record:N-461,train,N,5
1,N-462,record:N-462,train,N,4
1,N-464,record:N-464,train,N,5
1,N-466,record:N-466,train,N,4
1,N-467,record:N-467,train,N,4
1,N-468,record:N-468,train,N,4
1,N-469,record:N-469,train,N,4
1,N-470,record:N-470,train,N,4
1,N-474,record:N-474,train,N,4
1,N-475,record:N-475,train,N,4
1,N-478,record:N-478,train,N,5
1,N-479,record:N-479,train,N,4
1,N-481,record:N-481,train,N,4
1,N-482,record:N-482,train,N,4
1,N-486,record:N-486,train,N,4
1,N-487,record:N-487,train,N,4
1,N-488,record:N-488,train,N,4
1,N-489,record:N-489,train,N,4
1,N-492,record:N-492,train,N,4
1,N-494,record:N-494,train,N,4
1,N-496,record:N-496,train,N,4
1,N-497,record:N-497,train,N,4
1,N-498,record:N-498,train,N,4
1,N-499,record:N-499,train,N,4
1,N-500,record:N-500,train,N,4
1,N-501,record:N-501,train,N,4
1,N-502,record:N-502,train,N,4
1,N-503,record:N-503,train,N,4
1,N-504,record:N-504,train,N,4
1,N-507,record:N-507,train,N,4
1,N-508,record:N-508,train,N,4
1,N-509,record:N-509,train,N,4
1,N-510,record:N-510,train,N,4
1,N-511,record:N-511,train,N,4
1,N-512,record:N-512,train,N,4
1,N-513,record:N-513,train,N,4
1,N-514,record:N-514,train,N,3
1,N-515,record:N-515,train,N,4
1,N-516,record:N-516,train,N,4
1,N-518,record:N-518,train,N,4
1,N-519,record:N-519,train,N,5
1,N-521,record:N-521,train,N,4
1,N-523,record:N-523,train,N,4
1,N-524,record:N-524,train,N,3
1,N-526,record:N-526,train,N,4
1,N-528,record:N-528,train,N,3
1,N-529,record:N-529,train,N,3
1,N-530,record:N-530,train,N,3
1,N-531,record:N-531,train,N,4
1,N-532,record:N-532,train,N,5
1,N-533,record:N-533,train,N,5
1,N-534,record:N-534,train,N,5
1,N-535,record:N-535,train,N,5
1,N-536,record:N-536,train,N,5
1,N-537,record:N-537,train,N,5
1,N-538,record:N-538,train,N,5
1,N-539,record:N-539,train,N,5
1,N-54,record:N-54,train,N,4
1,N-540,record:N-540,train,N,5
1,N-542,record:N-542,train,N,5
1,N-543,record:N-543,train,N,5
1,N-545,record:N-545,train,N,5
1,N-546,record:N-546,train,N,5
1,N-547,record:N-547,train,N,5
1,N-548,record:N-548,train,N,5
1,N-549,record:N-549,train,N,5
1,N-55,record:N-55,train,N,4
1,N-551,record:N-551,train,N,5
1,N-552,record:N-552,train,N,5
1,N-553,record:N-553,train,N,4
1,N-555,record:N-555,train,N,5
1,N-557,record:N-557,train,N,5
1,N-558,record:N-558,train,N,5
1,N-559,record:N-559,train,N,5
1,N-56,record:N-56,train,N,4
1,N-561,record:N-561,train,N,5
1,N-563,record:N-563,train,N,5
1,N-564,record:N-564,train,N,5
1,N-566,record:N-566,train,N,5
1,N-568,record:N-568,train,N,5
1,N-57,record:N-57,train,N,4
1,N-570,record:N-570,train,N,5
1,N-571,record:N-571,train,N,5
1,N-572,record:N-572,train,N,4
1,N-573,record:N-573,train,N,5
1,N-575,record:N-575,train,N,5
1,N-576,record:N-576,train,N,5
1,N-58,record:N-58,train,N,4
1,N-582,record:N-582,train,N,5
1,N-583,record:N-583,train,N,5
1,N-584,record:N-584,train,N,5
1,N-585,record:N-585,train,N,5
1,N-586,record:N-586,train,N,5
1,N-587,record:N-587,train,N,5
1,N-588,record:N-588,train,N,5
1,N-589,record:N-589,train,N,5
1,N-59,record:N-59,train,N,4
1,N-590,record:N-590,train,N,5
1,N-592,record:N-592,train,N,5
1,N-593,record:N-593,train,N,5
1,N-594,record:N-594,train,N,5
1,N-596,record:N-596,train,N,5
1,N-597,record:N-597,train,N,5
1,N-598,record:N-598,train,N,5
1,N-599,record:N-599,train,N,5
1,N-60,record:N-60,train,N,4
1,N-600,record:N-600,train,N,5
1,N-601,record:N-601,train,N,5
1,N-602,record:N-602,train,N,5
1,N-603,record:N-603,train,N,5
1,N-604,record:N-604,train,N,5
1,N-605,record:N-605,train,N,5
1,N-606,record:N-606,train,N,5
1,N-607,record:N-607,train,N,5
1,N-608,record:N-608,train,N,4
1,N-609,record:N-609,train,N,5
1,N-61,record:N-61,train,N,4
1,N-610,record:N-610,train,N,5
1,N-611,record:N-611,train,N,5
1,N-613,record:N-613,train,N,5
1,N-615,record:N-615,train,N,5
1,N-616,record:N-616,train,N,5
1,N-617,record:N-617,train,N,5
1,N-618,record:N-618,train,N,5
1,N-619,record:N-619,train,N,5
1,N-620,record:N-620,train,N,5
1,N-621,record:N-621,train,N,5
1,N-622,record:N-622,train,N,5
1,N-623,record:N-623,train,N,5
1,N-624,record:N-624,train,N,5
1,N-626,record:N-626,train,N,5
1,N-627,record:N-627,train,N,5
1,N-628,record:N-628,train,N,5
1,N-629,record:N-629,train,N,5
1,N-631,record:N-631,train,N,5
1,N-633,record:N-633,train,N,5
1,N-635,record:N-635,train,N,5
1,N-636,record:N-636,train,N,5
1,N-637,record:N-637,train,N,5
1,N-638,record:N-638,train,N,5
1,N-639,record:N-639,train,N,5
1,N-642,record:N-642,train,N,5
1,N-643,record:N-643,train,N,5
1,N-644,record:N-644,train,N,5
1,N-647,record:N-647,train,N,5
1,N-648,record:N-648,train,N,5
1,N-649,record:N-649,train,N,5
1,N-65,record:N-65,train,N,4
1,N-650,record:N-650,train,N,5
1,N-652,record:N-652,train,N,5
1,N-653,record:N-653,train,N,5
1,N-654,record:N-654,train,N,5
1,N-656,record:N-656,train,N,5
1,N-657,record:N-657,train,N,5
1,N-66,record:N-66,train,N,4
1,N-661,record:N-661,train,N,5
1,N-67,record:N-67,train,N,4
1,N-670,record:N-670,train,N,4
1,N-671,record:N-671,train,N,5
1,N-672,record:N-672,train,N,5
1,N-674,record:N-674,train,N,5
1,N-675,record:N-675,train,N,5
1,N-676,record:N-676,train,N,5
1,N-677,record:N-677,train,N,5
1,N-678,record:N-678,train,N,5
1,N-68,record:N-68,train,N,4
1,N-680,record:N-680,train,N,5
1,N-681,record:N-681,train,N,5
1,N-683,record:N-683,train,N,5
1,N-684,record:N-684,train,N,5
1,N-685,record:N-685,train,N,5
1,N-686,record:N-686,train,N,5
1,N-687,record:N-687,train,N,5
1,N-69,record:N-69,train,N,4
1,N-690,record:N-690,train,N,5
1,N-693,record:N-693,train,N,5
1,N-694,record:N-694,train,N,5
1,N-695,record:N-695,train,N,5
1,N-697,record:N-697,train,N,5
1,N-699,record:N-699,train,N,5
1,N-70,record:N-70,train,N,4
1,N-700,record:N-700,train,N,5
1,N-701,record:N-701,train,N,5
1,N-702,record:N-702,train,N,5
1,N-703,record:N-703,train,N,4
1,N-704,record:N-704,train,N,5
1,N-705,record:N-705,train,N,5
1,N-706,record:N-706,train,N,5
1,N-707,record:N-707,train,N,5
1,N-710,record:N-710,train,N,5
1,N-715,record:N-715,train,N,5
1,N-716,record:N-716,train,N,5
1,N-717,record:N-717,train,N,5
1,N-718,record:N-718,train,N,5
1,N-719,record:N-719,train,N,5
1,N-720,record:N-720,train,N,5
1,N-721,record:N-721,train,N,5
1,N-724,record:N-724,train,N,5
1,N-726,record:N-726,train,N,5
1,N-727,record:N-727,train,N,5
1,N-728,record:N-728,train,N,5
1,N-729,record:N-729,train,N,5
1,N-731,record:N-731,train,N,5
1,N-733,record:N-733,train,N,5
1,N-734,record:N-734,train,N,5
1,N-735,record:N-735,train,N,5
1,N-736,record:N-736,train,N,5
1,N-737,record:N-737,train,N,5
1,N-739,record:N-739,train,N,5
1,N-740,record:N-740,train,N,4
1,N-741,record:N-741,train,N,5
1,N-742,record:N-742,train,N,5
1,N-743,record:N-743,train,N,5
1,N-744,record:N-744,train,N,5
1,N-747,record:N-747,train,N,4
1,N-748,record:N-748,train,N,5
1,N-749,record:N-749,train,N,5
1,N-750,record:N-750,train,N,5
1,N-751,record:N-751,train,N,4
1,N-752,record:N-752,train,N,5
1,N-753,record:N-753,train,N,5
1,N-754,record:N-754,train,N,5
1,N-756,record:N-756,train,N,5
1,N-757,record:N-757,train,N,4
1,N-758,record:N-758,train,N,5
1,N-759,record:N-759,train,N,5
1,N-760,record:N-760,train,N,5
1,N-761,record:N-761,train,N,5
1,N-762,record:N-762,train,N,5
1,N-763,record:N-763,train,N,5
1,N-765,record:N-765,train,N,5
1,N-767,record:N-767,train,N,5
1,N-768,record:N-768,train,N,5
1,N-770,record:N-770,train,N,5
1,N-771,record:N-771,train,N,5
1,N-772,record:N-772,train,N,5
1,N-773,record:N-773,train,N,5
1,N-774,record:N-774,train,N,5
1,N-776,record:N-776,train,N,5
1,N-777,record:N-777,train,N,5
1,N-778,record:N-778,train,N,5
1,N-781,record:N-781,train,N,5
1,N-782,record:N-782,train,N,5
1,N-783,record:N-783,train,N,5
1,N-784,record:N-784,train,N,5
1,N-785,record:N-785,train,N,5
1,N-786,record:N-786,train,N,5
1,N-787,record:N-787,train,N,5
1,N-788,record:N-788,train,N,5
1,N-789,record:N-789,train,N,5
1,N-790,record:N-790,train,N,5
1,N-791,record:N-791,train,N,5
1,N-792,record:N-792,train,N,5
1,N-795,record:N-795,train,N,5
1,N-797,record:N-797,train,N,5
1,N-799,record:N-799,train,N,5
1,N-800,record:N-800,train,N,5
1,N-801,record:N-801,train,N,5
1,N-802,record:N-802,train,N,5
1,N-804,record:N-804,train,N,5
1,N-807,record:N-807,train,N,5
1,N-809,record:N-809,train,N,5
1,N-810,record:N-810,train,N,5
1,N-811,record:N-811,train,N,5
1,N-812,record:N-812,train,N,5
1,N-813,record:N-813,train,N,5
1,N-815,record:N-815,train,N,5
1,N-816,record:N-816,train,N,5
1,N-817,record:N-817,train,N,5
1,N-818,record:N-818,train,N,5
1,N-820,record:N-820,train,N,5
1,N-822,record:N-822,train,N,5
1,N-824,record:N-824,train,N,5
1,N-825,record:N-825,train,N,5
1,N-826,record:N-826,train,N,5
1,N-827,record:N-827,train,N,5
1,N-828,record:N-828,train,N,4
1,N-829,record:N-829,train,N,4
1,N-830,record:N-830,train,N,4
1,N-831,record:N-831,train,N,4
1,N-832,record:N-832,train,N,4
1,N-833,record:N-833,train,N,4
1,N-835,record:N-835,train,N,4
1,N-836,record:N-836,train,N,4
1,N-837,record:N-837,train,N,4
1,N-838,record:N-838,train,N,4
1,N-839,record:N-839,train,N,4
1,N-840,record:N-840,train,N,4
1,N-842,record:N-842,train,N,2
1,N-843,record:N-843,train,N,2
1,N-844,record:N-844,train,N,2
1,N-848,record:N-848,train,N,2
1,N-850,record:N-850,train,N,2
1,N-852,record:N-852,train,N,2
1,N-853,record:N-853,train,N,2
1,N-856,record:N-856,train,N,2
1,N-857,record:N-857,train,N,2
1,N-858,record:N-858,train,N,2
1,N-859,record:N-859,train,N,2
1,N-860,record:N-860,train,N,2
1,N-862,record:N-862,train,N,2
1,N-864,record:N-864,train,N,2
1,N-866,record:N-866,train,N,2
1,N-868,record:N-868,train,N,2
1,N-869,record:N-869,train,N,2
1,N-870,record:N-870,train,N,2
1,N-871,record:N-871,train,N,2
1,N-873,record:N-873,train,N,2
1,N-877,record:N-877,train,N,5
1,N-878,record:N-878,train,N,5
1,N-879,record:N-879,train,N,5
1,N-880,record:N-880,train,N,5
1,N-881,record:N-881,train,N,5
1,N-883,record:N-883,train,N,5
1,N-884,record:N-884,train,N,5
1,N-887,record:N-887,train,N,5
1,N-888,record:N-888,train,N,5
1,N-889,record:N-889,train,N,5
1,N-890,record:N-890,train,N,5
1,N-891,record:N-891,train,N,5
1,N-892,record:N-892,train,N,5
1,N-895,record:N-895,train,N,5
1,N-896,record:N-896,train,N,5
1,N-897,record:N-897,train,N,5
1,N-898,record:N-898,train,N,5
1,N-899,record:N-899,train,N,5
1,N-900,record:N-900,train,N,5
1,N-901,record:N-901,train,N,5
1,N-902,record:N-902,train,N,5
1,N-903,record:N-903,train,N,2
1,N-906,record:N-906,train,N,3
1,N-908,record:N-908,train,N,5
1,N-909,record:N-909,train,N,5
1,N-912,record:N-912,train,N,5
1,N-913,record:N-913,train,N,5
1,N-914,record:N-914,train,N,5
1,N-915,record:N-915,train,N,5
1,N-916,record:N-916,train,N,5
1,N-917,record:N-917,train,N,5
1,N-918,record:N-918,train,N,5
1,N-921,record:N-921,train,N,5
1,N-924,record:N-924,train,N,5
1,N-927,record:N-927,train,N,5
1,N-928,record:N-928,train,N,5
1,N-930,record:N-930,train,N,5
1,N-931,record:N-931,train,N,5
1,N-932,record:N-932,train,N,5
1,N-936,record:N-936,train,N,5
1,N-937,record:N-937,train,N,4
1,N-938,record:N-938,train,N,5
1,N-941,record:N-941,train,N,5
1,N-942,record:N-942,train,N,4
1,N-943,record:N-943,train,N,5
1,N-944,record:N-944,train,N,5
1,N-947,record:N-947,train,N,5
1,N-950,record:N-950,train,N,5
1,N-951,record:N-951,train,N,5
1,N-952,record:N-952,train,N,5
1,N-954,record:N-954,train,N,5
1,N-956,record:N-956,train,N,4
1,N-957,record:N-957,train,N,5
1,N-958,record:N-958,train,N,5
1,N-959,record:N-959,train,N,5
1,N-961,record:N-961,train,N,5
1,N-963,record:N-963,train,N,5
1,N-964,record:N-964,train,N,4
1,N-965,record:N-965,train,N,5
1,N-967,record:N-967,train,N,5
1,N-968,record:N-968,train,N,5
1,N-969,record:N-969,train,N,5
1,N-970,record:N-970,train,N,5
1,N-971,record:N-971,train,N,5
1,N-973,record:N-973,train,N,5
1,N-974,record:N-974,train,N,5
1,N-976,record:N-976,train,N,5
1,N-977,record:N-977,train,N,5
1,N-978,record:N-978,train,N,5
1,N-980,record:N-980,train,N,5
1,N-983,record:N-983,train,N,5
1,N-984,record:N-984,train,N,5
1,N-985,record:N-985,train,N,5
1,N-986,record:N-986,train,N,5
1,N-987,record:N-987,train,N,5
1,N-988,record:N-988,train,N,5
1,N-989,record:N-989,train,N,5
1,N-991,record:N-991,train,N,5
1,N-992,record:N-992,train,N,5
1,N-993,record:N-993,train,N,5
1,N-995,record:N-995,train,N,5
1,N-996,record:N-996,train,N,5
1,N-998,record:N-998,train,N,5
1,R-10,record:R-10,train,R,2
1,R-105,record:R-105,train,R,2
1,R-109,record:R-109,train,R,3
1,R-11,record:R-11,train,R,2
1,R-115,record:R-115,train,R,3
1,R-116,record:R-116,train,R,3
1,R-117,record:R-117,train,R,4
1,R-118,record:R-118,train,R,4
1,R-119,record:R-119,train,R,4
1,R-12,record:R-12,train,R,2
1,R-120,record:R-120,train,R,4
1,R-122,record:R-122,train,R,4
1,R-123,record:R-123,train,R,4
1,R-124,record:R-124,train,R,4
1,R-126,record:R-126,train,R,4
1,R-127,record:R-127,train,R,4
1,R-129,record:R-129,train,R,4
1,R-131,record:R-131,train,R,4
1,R-133,record:R-133,train,R,4
1,R-134,record:R-134,train,R,4
1,R-135,record:R-135,train,R,4
1,R-136,record:R-136,train,R,4
1,R-139,record:R-139,train,R,4
1,R-140,record:R-140,train,R,4
1,R-141,record:R-141,train,R,4
1,R-142,record:R-142,train,R,4
1,R-144,record:R-144,train,R,4
1,R-148,record:R-148,train,R,4
1,R-149,record:R-149,train,R,4
1,R-150,record:R-150,train,R,4
1,R-151,record:R-151,train,R,4
1,R-152,record:R-152,train,R,4
1,R-176,record:R-176,train,R,2
1,R-177,record:R-177,train,R,2
1,R-178,record:R-178,train,R,2
1,R-179,record:R-179,train,R,2
1,R-180,record:R-180,train,R,2
1,R-181,record:R-181,train,R,2
1,R-183,record:R-183,train,R,2
1,R-186,record:R-186,train,R,2
1,R-187,record:R-187,train,R,2
1,R-188,record:R-188,train,R,2
1,R-190,record:R-190,train,R,2
1,R-191,record:R-191,train,R,2
1,R-192,record:R-192,train,R,2
1,R-193,record:R-193,train,R,2
1,R-196,record:R-196,train,R,2
1,R-198,record:R-198,train,R,2
1,R-2,record:R-2,train,R,4
1,R-20,record:R-20,train,R,3
1,R-207,record:R-207,train,R,2
1,R-21,record:R-21,train,R,3
1,R-213,record:R-213,train,R,2
1,R-22,record:R-22,train,R,3
1,R-221,record:R-221,train,R,2
1,R-23,record:R-23,train,R,3
1,R-284,record:R-284,train,R,2
1,R-295,record:R-295,train,R,3
1,R-296,record:R-296,train,R,4
1,R-298,record:R-298,train,R,3
1,R-3,record:R-3,train,R,3
1,R-300,record:R-300,train,R,4
1,R-301,record:R-301,train,R,4
1,R-31,record:R-31,train,R,2
1,R-310,record:R-310,train,R,4
1,R-311,record:R-311,train,R,4
1,R-312,record:R-312,train,R,4
1,R-313,record:R-313,train,R,4
1,R-327,record:R-327,train,R,4
1,R-38,record:R-38,train,R,3
1,R-39,record:R-39,train,R,3
1,R-4,record:R-4,train,R,2
1,R-40,record:R-40,train,R,3
1,R-41,record:R-41,train,R,3
1,R-42,record:R-42,train,R,2
1,R-46,record:R-46,train,R,3
1,R-47,record:R-47,train,R,3
1,R-49,record:R-49,train,R,3
1,R-5,record:R-5,train,R,4
1,R-50,record:R-50,train,R,3
1,R-52,record:R-52,train,R,3
1,R-53,record:R-53,train,R,3
1,R-54,record:R-54,train,R,3
1,R-55,record:R-55,train,R,3
1,R-6,record:R-6,train,R,4
1,R-8,record:R-8,train,R,2
1,R-88,record:R-88,train,R,2
1,R-89,record:R-89,train,R,2
1,R-9,record:R-9,train,R,2
1,R-91,record:R-91,train,R,2
1,R-92,record:R-92,train,R,2
1,R-97,record:R-97,train,R,2
1,R-99,record:R-99,train,R,2
1,S-1,record:S-1,train,S,2
1,S-10,record:S-10,train,S,2
1,S-11,record:S-11,train,S,2
1,S-12,record:S-12,train,S,2
1,S-13,record:S-13,train,S,2
1,S-14,record:S-14,train,S,2
1,S-15,record:S-15,train,S,2
1,S-16,record:S-16,train,S,2
1,S-17,record:S-17,train,S,2
1,S-2,record:S-2,train,S,2
1,S-21,record:S-21,train,S,2
1,S-22,record:S-22,train,S,2
1,S-24,record:S-24,train,S,2
1,S-26,record:S-26,train,S,2
1,S-28,record:S-28,train,S,2
1,S-29,record:S-29,train,S,2
1,S-3,record:S-3,train,S,2
1,S-30,record:S-30,train,S,2
1,S-31,record:S-31,train,S,2
1,S-32,record:S-32,train,S,2
1,S-33,record:S-33,train,S,2
1,S-34,record:S-34,train,S,2
1,S-35,record:S-35,train,S,2
1,S-36,record:S-36,train,S,2
1,S-38,record:S-38,train,S,2
1,S-4,record:S-4,train,S,2
1,S-40,record:S-40,train,S,2
1,S-41,record:S-41,train,S,2
1,S-42,record:S-42,train,S,2
1,S-44,record:S-44,train,S,2
1,S-45,record:S-45,train,S,2
1,S-46,record:S-46,train,S,2
1,S-6,record:S-6,train,S,2
1,S-7,record:S-7,train,S,2
1,B-138,record:B-138,val,B,3
1,B-179,record:B-179,val,B,4
1,B-213,record:B-213,val,B,5
1,B-237,record:B-237,val,B,5
1,B-263,record:B-263,val,B,5
1,B-312,record:B-312,val,B,3
1,B-316,record:B-316,val,B,5
1,B-318,record:B-318,val,B,5
1,B-322,record:B-322,val,B,4
1,B-327,record:B-327,val,B,5
1,B-470,record:B-470,val,B,3
1,B-473,record:B-473,val,B,4
1,B-477,record:B-477,val,B,4
1,B-523,record:B-523,val,B,4
1,B-526,record:B-526,val,B,5
1,B-529,record:B-529,val,B,5
1,B-705,record:B-705,val,B,4
1,B-776,record:B-776,val,B,2
1,B-845,record:B-845,val,B,2
1,B-846,record:B-846,val,B,4
1,B-849,record:B-849,val,B,5
1,B-851,record:B-851,val,B,5
1,B-856,record:B-856,val,B,5
1,B-862,record:B-862,val,B,5
1,B-871,record:B-871,val,B,5
1,B-875,record:B-875,val,B,5
1,B-879,record:B-879,val,B,2
1,B-886,record:B-886,val,B,5
1,B-891,record:B-891,val,B,3
1,B-903,record:B-903,val,B,2
1,B-906,record:B-906,val,B,4
1,B-907,record:B-907,val,B,4
1,C-574,record:C-574,val,C,4
1,C-576,record:C-576,val,C,4
1,C-597,record:C-597,val,C,2
1,C-624,record:C-624,val,C,4
1,C-632,record:C-632,val,C,4
1,C-636,record:C-636,val,C,4
1,C-645,record:C-645,val,C,4
1,C-661,record:C-661,val,C,4
1,C-664,record:C-664,val,C,4
1,C-670,record:C-670,val,C,4
1,C-679,record:C-679,val,C,4
1,C-687,record:C-687,val,C,4
1,C-692,record:C-692,val,C,4
1,C-695,record:C-695,val,C,4
1,C-703,record:C-703,val,C,4
1,C-704,record:C-704,val,C,4
1,C-710,record:C-710,val,C,4
1,C-723,record:C-723,val,C,4
1,C-731,record:C-731,val,C,4
1,C-745,record:C-745,val,C,4
1,C-755,record:C-755,val,C,4
1,C-775,record:C-775,val,C,2
1,C-778,record:C-778,val,C,2
1,C-793,record:C-793,val,C,2
1,C-803,record:C-803,val,C,4
1,C-809,record:C-809,val,C,4
1,C-813,record:C-813,val,C,4
1,G-1101,record:G-1101,val,G,3
1,G-1275,record:G-1275,val,G,4
1,G-1286,record:G-1286,val,G,3
1,G-1287,record:G-1287,val,G,4
1,G-310,record:G-310,val,G,2
1,G-395,record:G-395,val,G,2
1,G-458,record:G-458,val,G,2
1,G-459,record:G-459,val,G,3
1,G-463,record:G-463,val,G,2
1,N-1003,record:N-1003,val,N,5
1,N-1009,record:N-1009,val,N,3
1,N-1011,record:N-1011,val,N,3
1,N-1013,record:N-1013,val,N,3
1,N-1016,record:N-1016,val,N,3
1,N-1017,record:N-1017,val,N,3
1,N-1026,record:N-1026,val,N,3
1,N-1029,record:N-1029,val,N,3
1,N-1037,record:N-1037,val,N,3
1,N-1040,record:N-1040,val,N,3
1,N-1041,record:N-1041,val,N,4
1,N-1052,record:N-1052,val,N,3
1,N-1055,record:N-1055,val,N,3
1,N-1064,record:N-1064,val,N,3
1,N-1090,record:N-1090,val,N,3
1,N-1091,record:N-1091,val,N,3
1,N-11,record:N-11,val,N,2
1,N-1100,record:N-1100,val,N,3
1,N-1102,record:N-1102,val,N,3
1,N-1107,record:N-1107,val,N,3
1,N-1132,record:N-1132,val,N,3
1,N-1135,record:N-1135,val,N,3
1,N-1141,record:N-1141,val,N,3
1,N-1147,record:N-1147,val,N,3
1,N-1150,record:N-1150,val,N,3
1,N-1154,record:N-1154,val,N,3
1,N-1158,record:N-1158,val,N,3
1,N-1159,record:N-1159,val,N,3
1,N-1167,record:N-1167,val,N,3
1,N-1182,record:N-1182,val,N,2
1,N-1186,record:N-1186,val,N,2
1,N-1189,record:N-1189,val,N,2
1,N-1194,record:N-1194,val,N,2
1,N-1196,record:N-1196,val,N,2
1,N-1200,record:N-1200,val,N,2
1,N-1216,record:N-1216,val,N,2
1,N-1217,record:N-1217,val,N,2
1,N-1218,record:N-1218,val,N,2
1,N-1265,record:N-1265,val,N,2
1,N-141,record:N-141,val,N,4
1,N-142,record:N-142,val,N,4
1,N-149,record:N-149,val,N,2
1,N-160,record:N-160,val,N,2
1,N-1658,record:N-1658,val,N,3
1,N-1659,record:N-1659,val,N,3
1,N-1660,record:N-1660,val,N,2
1,N-1674,record:N-1674,val,N,3
1,N-1675,record:N-1675,val,N,2
1,N-1679,record:N-1679,val,N,4
1,N-1680,record:N-1680,val,N,2
1,N-1699,record:N-1699,val,N,2
1,N-170,record:N-170,val,N,2
1,N-1701,record:N-1701,val,N,3
1,N-1706,record:N-1706,val,N,2
1,N-171,record:N-171,val,N,3
1,N-1717,record:N-1717,val,N,2
1,N-1727,record:N-1727,val,N,2
1,N-1728,record:N-1728,val,N,2
1,N-1742,record:N-1742,val,N,2
1,N-1747,record:N-1747,val,N,3
1,N-1752,record:N-1752,val,N,2
1,N-1764,record:N-1764,val,N,2
1,N-1766,record:N-1766,val,N,2
1,N-1774,record:N-1774,val,N,2
1,N-1792,record:N-1792,val,N,3
1,N-1796,record:N-1796,val,N,2
1,N-180,record:N-180,val,N,3
1,N-1810,record:N-1810,val,N,2
1,N-1813,record:N-1813,val,N,2
1,N-1820,record:N-1820,val,N,2
1,N-1825,record:N-1825,val,N,4
1,N-1827,record:N-1827,val,N,3
1,N-1834,record:N-1834,val,N,2
1,N-1842,record:N-1842,val,N,3
1,N-185,record:N-185,val,N,4
1,N-1850,record:N-1850,val,N,2
1,N-1878,record:N-1878,val,N,2
1,N-188,record:N-188,val,N,3
1,N-1889,record:N-1889,val,N,4
1,N-189,record:N-189,val,N,2
1,N-190,record:N-190,val,N,3
1,N-1905,record:N-1905,val,N,2
1,N-1908,record:N-1908,val,N,3
1,N-1909,record:N-1909,val,N,2
1,N-1912,record:N-1912,val,N,3
1,N-193,record:N-193,val,N,2
1,N-1930,record:N-1930,val,N,3
1,N-1935,record:N-1935,val,N,4
1,N-1938,record:N-1938,val,N,3
1,N-1941,record:N-1941,val,N,2
1,N-1948,record:N-1948,val,N,5
1,N-1950,record:N-1950,val,N,5
1,N-1952,record:N-1952,val,N,5
1,N-196,record:N-196,val,N,2
1,N-197,record:N-197,val,N,3
1,N-1993,record:N-1993,val,N,5
1,N-1996,record:N-1996,val,N,5
1,N-2000,record:N-2000,val,N,5
1,N-2003,record:N-2003,val,N,5
1,N-2014,record:N-2014,val,N,5
1,N-2023,record:N-2023,val,N,5
1,N-2025,record:N-2025,val,N,5
1,N-2047,record:N-2047,val,N,5
1,N-2048,record:N-2048,val,N,5
1,N-2057,record:N-2057,val,N,5
1,N-2058,record:N-2058,val,N,5
1,N-2070,record:N-2070,val,N,5
1,N-2080,record:N-2080,val,N,5
1,N-2095,record:N-2095,val,N,5
1,N-2101,record:N-2101,val,N,5
1,N-2104,record:N-2104,val,N,5
1,N-211,record:N-211,val,N,3
1,N-2115,record:N-2115,val,N,4
1,N-2117,record:N-2117,val,N,5
1,N-212,record:N-212,val,N,3
1,N-2128,record:N-2128,val,N,5
1,N-2132,record:N-2132,val,N,5
1,N-2135,record:N-2135,val,N,5
1,N-2139,record:N-2139,val,N,5
1,N-2148,record:N-2148,val,N,5
1,N-2151,record:N-2151,val,N,5
1,N-2160,record:N-2160,val,N,5
1,N-2164,record:N-2164,val,N,5
1,N-2186,record:N-2186,val,N,5
1,N-2188,record:N-2188,val,N,5
1,N-2189,record:N-2189,val,N,5
1,N-2192,record:N-2192,val,N,5
1,N-2197,record:N-2197,val,N,5
1,N-2199,record:N-2199,val,N,5
1,N-2206,record:N-2206,val,N,5
1,N-2208,record:N-2208,val,N,5
1,N-2210,record:N-2210,val,N,5
1,N-222,record:N-222,val,N,3
1,N-2227,record:N-2227,val,N,5
1,N-2230,record:N-2230,val,N,5
1,N-2233,record:N-2233,val,N,5
1,N-2237,record:N-2237,val,N,5
1,N-2241,record:N-2241,val,N,5
1,N-2242,record:N-2242,val,N,5
1,N-225,record:N-225,val,N,2
1,N-2263,record:N-2263,val,N,3
1,N-2270,record:N-2270,val,N,2
1,N-2273,record:N-2273,val,N,3
1,N-2288,record:N-2288,val,N,3
1,N-2291,record:N-2291,val,N,3
1,N-2292,record:N-2292,val,N,3
1,N-2301,record:N-2301,val,N,3
1,N-2316,record:N-2316,val,N,5
1,N-2326,record:N-2326,val,N,2
1,N-2336,record:N-2336,val,N,3
1,N-2339,record:N-2339,val,N,5
1,N-2340,record:N-2340,val,N,5
1,N-2346,record:N-2346,val,N,3
1,N-235,record:N-235,val,N,2
1,N-2350,record:N-2350,val,N,5
1,N-2358,record:N-2358,val,N,3
1,N-2360,record:N-2360,val,N,5
1,N-2366,record:N-2366,val,N,3
1,N-239,record:N-239,val,N,4
1,N-2393,record:N-2393,val,N,4
1,N-2397,record:N-2397,val,N,2
1,N-2399,record:N-2399,val,N,3
1,N-240,record:N-240,val,N,2
1,N-2401,record:N-2401,val,N,2
1,N-2406,record:N-2406,val,N,3
1,N-241,record:N-241,val,N,3
1,N-2411,record:N-2411,val,N,3
1,N-2423,record:N-2423,val,N,3
1,N-2424,record:N-2424,val,N,2
1,N-2448,record:N-2448,val,N,2
1,N-2459,record:N-2459,val,N,3
1,N-2462,record:N-2462,val,N,2
1,N-2463,record:N-2463,val,N,2
1,N-2467,record:N-2467,val,N,2
1,N-2471,record:N-2471,val,N,3
1,N-2484,record:N-2484,val,N,3
1,N-2489,record:N-2489,val,N,2
1,N-2490,record:N-2490,val,N,3
1,N-2504,record:N-2504,val,N,2
1,N-2506,record:N-2506,val,N,2
1,N-2516,record:N-2516,val,N,3
1,N-255,record:N-255,val,N,3
1,N-2616,record:N-2616,val,N,4
1,N-2617,record:N-2617,val,N,4
1,N-2622,record:N-2622,val,N,2
1,N-2624,record:N-2624,val,N,2
1,N-2629,record:N-2629,val,N,2
1,N-266,record:N-266,val,N,3
1,N-2677,record:N-2677,val,N,5
1,N-309,record:N-309,val,N,2
1,N-324,record:N-324,val,N,2
1,N-338,record:N-338,val,N,4
1,N-343,record:N-343,val,N,5
1,N-348,record:N-348,val,N,5
1,N-361,record:N-361,val,N,5
1,N-373,record:N-373,val,N,5
1,N-374,record:N-374,val,N,5
1,N-384,record:N-384,val,N,5
1,N-388,record:N-388,val,N,5
1,N-406,record:N-406,val,N,5
1,N-410,record:N-410,val,N,5
1,N-414,record:N-414,val,N,5
1,N-415,record:N-415,val,N,5
1,N-421,record:N-421,val,N,5
1,N-422,record:N-422,val,N,5
1,N-424,record:N-424,val,N,5
1,N-425,record:N-425,val,N,5
1,N-426,record:N-426,val,N,5
1,N-427,record:N-427,val,N,5
1,N-428,record:N-428,val,N,5
1,N-430,record:N-430,val,N,5
1,N-432,record:N-432,val,N,5
1,N-434,record:N-434,val,N,5
1,N-436,record:N-436,val,N,5
1,N-438,record:N-438,val,N,5
1,N-439,record:N-439,val,N,5
1,N-458,record:N-458,val,N,5
1,N-460,record:N-460,val,N,5
1,N-463,record:N-463,val,N,5
1,N-471,record:N-471,val,N,4
1,N-473,record:N-473,val,N,3
1,N-483,record:N-483,val,N,4
1,N-484,record:N-484,val,N,4
1,N-490,record:N-490,val,N,4
1,N-493,record:N-493,val,N,4
1,N-51,record:N-51,val,N,4
1,N-517,record:N-517,val,N,4
1,N-52,record:N-52,val,N,4
1,N-520,record:N-520,val,N,4
1,N-525,record:N-525,val,N,4
1,N-541,record:N-541,val,N,5
1,N-544,record:N-544,val,N,5
1,N-550,record:N-550,val,N,5
1,N-560,record:N-560,val,N,3
1,N-565,record:N-565,val,N,5
1,N-567,record:N-567,val,N,5
1,N-578,record:N-578,val,N,5
1,N-579,record:N-579,val,N,5
1,N-580,record:N-580,val,N,5
1,N-591,record:N-591,val,N,5
1,N-614,record:N-614,val,N,5
1,N-634,record:N-634,val,N,5
1,N-640,record:N-640,val,N,5
1,N-641,record:N-641,val,N,5
1,N-645,record:N-645,val,N,5
1,N-651,record:N-651,val,N,5
1,N-663,record:N-663,val,N,5
1,N-665,record:N-665,val,N,5
1,N-667,record:N-667,val,N,5
1,N-668,record:N-668,val,N,5
1,N-673,record:N-673,val,N,5
1,N-679,record:N-679,val,N,5
1,N-682,record:N-682,val,N,5
1,N-688,record:N-688,val,N,5
1,N-691,record:N-691,val,N,5
1,N-708,record:N-708,val,N,5
1,N-712,record:N-712,val,N,5
1,N-713,record:N-713,val,N,5
1,N-723,record:N-723,val,N,5
1,N-725,record:N-725,val,N,5
1,N-732,record:N-732,val,N,5
1,N-738,record:N-738,val,N,5
1,N-766,record:N-766,val,N,5
1,N-769,record:N-769,val,N,5
1,N-775,record:N-775,val,N,5
1,N-779,record:N-779,val,N,4
1,N-780,record:N-780,val,N,5
1,N-793,record:N-793,val,N,5
1,N-794,record:N-794,val,N,5
1,N-796,record:N-796,val,N,5
1,N-803,record:N-803,val,N,5
1,N-806,record:N-806,val,N,5
1,N-819,record:N-819,val,N,4
1,N-821,record:N-821,val,N,5
1,N-823,record:N-823,val,N,5
1,N-845,record:N-845,val,N,2
1,N-846,record:N-846,val,N,2
1,N-861,record:N-861,val,N,2
1,N-865,record:N-865,val,N,2
1,N-867,record:N-867,val,N,2
1,N-872,record:N-872,val,N,2
1,N-876,record:N-876,val,N,5
1,N-882,record:N-882,val,N,5
1,N-885,record:N-885,val,N,5
1,N-886,record:N-886,val,N,5
1,N-894,record:N-894,val,N,5
1,N-910,record:N-910,val,N,5
1,N-911,record:N-911,val,N,5
1,N-919,record:N-919,val,N,5
1,N-925,record:N-925,val,N,5
1,N-933,record:N-933,val,N,5
1,N-935,record:N-935,val,N,5
1,N-94,record:N-94,val,N,5
1,N-946,record:N-946,val,N,5
1,N-949,record:N-949,val,N,5
1,N-966,record:N-966,val,N,5
1,N-972,record:N-972,val,N,5
1,N-979,record:N-979,val,N,5
1,N-990,record:N-990,val,N,5
1,N-997,record:N-997,val,N,5
1,R-101,record:R-101,val,R,2
1,R-102,record:R-102,val,R,2
1,R-108,record:R-108,val,R,3
1,R-125,record:R-125,val,R,4
1,R-137,record:R-137,val,R,4
1,R-146,record:R-146,val,R,4
1,R-153,record:R-153,val,R,4
1,R-154,record:R-154,val,R,4
1,R-182,record:R-182,val,R,2
1,R-189,record:R-189,val,R,2
1,R-197,record:R-197,val,R,2
1,R-208,record:R-208,val,R,2
1,R-218,record:R-218,val,R,2
1,R-283,record:R-283,val,R,2
1,R-285,record:R-285,val,R,2
1,R-294,record:R-294,val,R,3
1,R-299,record:R-299,val,R,3
1,R-36,record:R-36,val,R,3
1,R-51,record:R-51,val,R,3
1,R-56,record:R-56,val,R,3
1,R-93,record:R-93,val,R,2
1,S-18,record:S-18,val,S,2
1,S-19,record:S-19,val,S,2
1,S-25,record:S-25,val,S,2
1,S-27,record:S-27,val,S,2
1,S-37,record:S-37,val,S,2
1,S-5,record:S-5,val,S,2
1,S-9,record:S-9,val,S,2
