ID_marked,original_case_study_title,original_source_citation
R-1,Life cycle assessment of a single-family residential building in Canada: A case study,"Zhang, W., Tan, S., Lei, Y., & Wang, S. (2014). Life cycle assessment of a single-family residential building in Canada: A case study. Building Simulation. https://doi.org/10.1007/s12273-013-0159-y"
R-2,Life cycle assessment of residential buildings: A case study in Canada,"Kumar, V., Hewage, K., & Sadiq, R. (2015). Life Cycle Assessment of Residential Buildings. A Case Study in Canada. Engineering and Technology International Journal of Energy and Environmental Engineering, 9(8), 1017–1024"
R-3,Emergy-based life cycle assessment (Em-LCA) of multi-unit and single-family residential buildings in Canada,"Reza, B., Sadiq, R., & Hewage, K. (2014). Emergy-based life cycle assessment (Em-LCA) of multi-unit and single-family residential buildings in Canada. International Journal of Sustainable Built Environment, 3(2), 207–224. https://doi.org/10.1016/j.ijsbe.2014.09.001"
R-4,,"Reza, Sadiq, & Hewage, 2014"
R-5,Life Cycle Analysis of a Residential Home in Michigan,"Blanchard, S., & Reppe, P. (1998). Life Cycle Analysis of a Residential Home in Michigan. Retrieved from http://www.umich.edu/~css"
R-6,Relative importance of electricity sources and construction practices in residential buildings: A Swiss-US comparison of energy relatedlife-cycle impacts,"Mosteiro-Romero, M., Krogmann, U., Wallbaum, H., Ostermeyer, Y., Senick, J. S., & Andrews, C. J. (2014). Relative importance of electricity sources and construction practices in residential buildings: A Swiss-US comparison of energy related life-cycle impacts. Energy and Buildings. https://doi.org/10.1016/j.enbuild.2013.09.046"
R-7,The growth of urban building stock: Unintended lock-in and embedded environmental effects,"Reyna, J. L., & Chester, M. V. (2015). The Growth of Urban Building Stock: Unintended Lock-in and Embedded Environmental Effects. Journal of Industrial Ecology. https://doi.org/10.1111/jiec.12211"
R-8,,"Reyna & Chester, 2015"
R-9,,"Reyna & Chester, 2015"
R-10,,"Reyna & Chester, 2015"
R-11,,"Reyna & Chester, 2015"
R-12,,"Reyna & Chester, 2015"
R-13,A database seed for a community-driven material intensity research platform,"Heeren, N. and Fishman, T. (2019). A database seed for a community-driven material intensity research platform. Scientific Data, 6(1)."
R-14,,"Heeren et al., 2019"
R-15,,"Heeren et al., 2019"
R-16,"Environmental performance analysis of residential buildings in Brazil
using LCA","Evangelista, P. P. A., Kiperstok, A., Torres, E. A., & Gonçalves, J. P. (2018). Environmental performance analysis of residential buildings in Brazil using life cycle assessment (LCA). Construction and Building Materials"
R-17,,"Evangelista, Kiperstok, Torres, & Gonçalves, 2018"
R-18,,"Evangelista, Kiperstok, Torres, & Gonçalves, 2018"
R-19,,"Evangelista, Kiperstok, Torres, & Gonçalves, 2018"
R-20,Material flow analysis of the residential building stock at the city of Rio de Janeiro,"Condeixa, K., Haddad, A., & Boer, D. (2017). Material flow analysis of the residential building stock at the city of Rio de Janeiro. Journal of Cleaner Production. https://doi.org/10.1016/j.jclepro.2017.02.080"
R-21,,"Condeixa, Haddad, & Boer, 2017"
R-22,,"Condeixa, Haddad, & Boer, 2017"
R-23,,"Condeixa, Haddad, & Boer, 2017"
R-24,Geospatial characterization of material stock in the residential sector of a Latin-American cty,"Mesta, C., Kahhat, R., & Santa-Cruz, S. (2018). Geospatial Characterization of Material Stock in the Residential Sector of a Latin-American City. Journal of Industrial Ecology. https://doi.org/10.1111/jiec.12723"
R-25,,"Mesta, Kahhat, & Santa-Cruz, 2018"
R-26,,"Mesta, Kahhat, & Santa-Cruz, 2018"
R-27,Life cycle assessment model applied to housing in Chile,"Oyarzo, J., & Peuportier, B. (2014). Life cycle assessment model applied to housing in Chile. Journal of Cleaner Production, 69(March 2012), 109–116. https://doi.org/10.1016/j.jclepro.2014.01.090"
R-28,"Life cycle assessment of two dwellings: One in Spain, a developed country, and one in Colombia, a country under development","Ortiz-Rodríguez, O., Castells, F., & Sonnemann, G. (2010). Life cycle assessment of two dwellings: One in Spain, a developed country, and one in Colombia, a country under development. Science of the Total Environment. https://doi.org/10.1016/j.scitotenv.2010.02.021"
R-29,Embodied energy and CO2 analyses of mud-brick and cement-block houses,"F.Henry, A., G.Elambo, N., J.H.M., T., E.N.Fabrice, O., & M.Blanche, M. (2014). Embodied Energy and CO2 Analyses of Mud-brick and Cement-block Houses. AIMS Energy. https://doi.org/10.3934/energy.2014.1.18"
R-30,,"F.Henry, G.Elambo, J.H.M., E.N.Fabrice, & M.Blanche, 2014"
R-31,Estimating Embodied Energy in Residential Buildings in a Nigerian Context,"Ezema, I. C., & Olotuah, A. O. (2015). Estimating Embodied Energy in Residential Buildings in a Nigerian Context. Article in International Journal of Applied Engineering Research. Retrieved from http://www.ripublication.com"
R-32,"The magnitude and spatial distribution of in-use copper stocks in Cape Town, South Africa","Van Beers, D., & Graedel, T. E. (2003). The magnitude and spatial distribution of in-use copper stocks in Cape Town, South Africa. South African Journal of Science"
R-33,Environmental Improvement Potentials of Residential Buildings (IMPRO-Building),"Nemry, F., & Uihlein, A. (2008). Environmental Improvement Potentials of Residential Buildings (IMPRO-Building). https://doi.org/10.2791/38942"
R-34,,"Nemry & Uihlein, 2008"
R-35,,"Nemry & Uihlein, 2008"
R-36,,"Nemry & Uihlein, 2008"
R-37,,"Nemry & Uihlein, 2008"
R-38,,"Nemry & Uihlein, 2008"
R-39,,"Nemry & Uihlein, 2008"
R-40,,"Nemry & Uihlein, 2008"
R-41,,"Nemry & Uihlein, 2008"
R-42,,"Nemry & Uihlein, 2008"
R-43,,"Nemry & Uihlein, 2008"
R-44,,"Nemry & Uihlein, 2008"
R-45,,"Nemry & Uihlein, 2008"
R-46,,"Nemry & Uihlein, 2008"
R-47,,"Nemry & Uihlein, 2008"
R-48,,"Nemry & Uihlein, 2008"
R-49,,"Nemry & Uihlein, 2008"
R-50,,"Nemry & Uihlein, 2008"
R-51,,"Nemry & Uihlein, 2008"
R-52,,"Nemry & Uihlein, 2008"
R-53,,"Nemry & Uihlein, 2008"
R-54,,"Nemry & Uihlein, 2008"
R-55,,"Nemry & Uihlein, 2008"
R-56,,"Nemry & Uihlein, 2008"
R-57,,"Nemry & Uihlein, 2008"
R-58,,"Nemry & Uihlein, 2008"
R-59,,"Nemry & Uihlein, 2008"
R-60,,"Nemry & Uihlein, 2008"
R-61,,"Nemry & Uihlein, 2008"
R-62,,"Nemry & Uihlein, 2008"
R-63,,"Nemry & Uihlein, 2008"
R-64,,"Nemry & Uihlein, 2008"
R-65,,"Nemry & Uihlein, 2008"
R-66,,"Nemry & Uihlein, 2008"
R-67,,"Nemry & Uihlein, 2008"
R-68,,"Nemry & Uihlein, 2008"
R-69,,"Nemry & Uihlein, 2008"
R-70,,"Nemry & Uihlein, 2008"
R-71,,"Nemry & Uihlein, 2008"
R-72,,"Nemry & Uihlein, 2008"
R-73,,"Nemry & Uihlein, 2008"
R-74,,"Nemry & Uihlein, 2008"
R-75,,"Nemry & Uihlein, 2008"
R-76,,"Nemry & Uihlein, 2008"
R-77,,"Nemry & Uihlein, 2008"
R-78,,"Nemry & Uihlein, 2008"
R-79,,"Nemry & Uihlein, 2008"
R-80,,"Nemry & Uihlein, 2008"
R-81,,"Nemry & Uihlein, 2008"
R-82,,"Nemry & Uihlein, 2008"
R-83,,"Nemry & Uihlein, 2008"
R-84,,"Nemry & Uihlein, 2008"
R-85,,"Nemry & Uihlein, 2008"
R-86,,"Nemry & Uihlein, 2008"
R-87,,"Nemry & Uihlein, 2008"
R-88,,"Nemry & Uihlein, 2008"
R-89,,"Nemry & Uihlein, 2008"
R-90,,"Nemry & Uihlein, 2008"
R-91,,"Nemry & Uihlein, 2008"
R-92,,"Nemry & Uihlein, 2008"
R-93,,"Nemry & Uihlein, 2008"
R-94,,"Nemry & Uihlein, 2008"
R-95,,"Nemry & Uihlein, 2008"
R-96,,"Nemry & Uihlein, 2008"
R-97,,"Nemry & Uihlein, 2008"
R-98,,"Nemry & Uihlein, 2008"
R-99,,"Nemry & Uihlein, 2008"
R-100,,"Nemry & Uihlein, 2008"
R-101,,"Nemry & Uihlein, 2008"
R-102,,"Nemry & Uihlein, 2008"
R-103,,"Nemry & Uihlein, 2008"
R-104,,"Nemry & Uihlein, 2008"
R-105,,"Nemry & Uihlein, 2008"
R-106,,"Nemry & Uihlein, 2008"
R-107,Life cycle assessment: A case study of a dwelling home in Scotland,"Asif, M. Ã., Muneer, T., & Kelley, R. (2005). Life cycle assessment : A case study of a dwelling home in Scotland. Building and Environment, 42, 1391–1394"
R-108,Towards a comprehensive energy assessment of residential buildings,"Stephan, A. (2013). Towards a comprehensive energy assessment of residential buildings. The University of Melbourne, Australia. Retrieved from www.msd.unimelb.edu.au"
R-109,,"Stephan, 2013"
R-110,﻿Environmental impacts of the UK residential sector: Life cycle assessment of houses,"Cuéllar-Franca, R. M., & Azapagic, A. (2012). Environmental impacts of the UK residential sector: Life cycle assessment of houses. Building and Environment"
R-111,,"Cuéllar-Franca & Azapagic, 2012"
R-112,,"Cuéllar-Franca & Azapagic, 2012"
R-113,Relative importance of electricity sources and construction practices in residential buildings: A Swiss-US comparison of energy related life-cycle impacts,"Mosteiro-Romero, M., Krogmann, U., Wallbaum, H., Ostermeyer, Y., Senick, J. S., & Andrews, C. J. (2014). Relative importance of electricity sources and construction practices in residential buildings: A Swiss-US comparison of energy related life-cycle impacts. Energy and Buildings. https://doi.org/10.1016/j.enbuild.2013.09.046"
R-114,Towards a more sustainable building stock: Optimizing a flemish dwelling using a life cycle approach,"Buyle, M., Audenaert, A., Braet, J., & Debacker, W. (2015). Towards a More Sustainable Building Stock: Optimizing a Flemish Dwelling Using a Life Cycle Approach. Buildings. https://doi.org/10.3390/buildings5020424"
R-115,,"Gontia, Nägeli, Rosado, Kalmykova, & Österbring, 2018"
R-116,,"Gontia, Nägeli, Rosado, Kalmykova, & Österbring, 2018"
R-117,,"Gontia, Nägeli, Rosado, Kalmykova, & Österbring, 2018"
R-118,,"Gontia, Nägeli, Rosado, Kalmykova, & Österbring, 2018"
R-119,,"Gontia, Nägeli, Rosado, Kalmykova, & Österbring, 2018"
R-120,,"Gontia, Nägeli, Rosado, Kalmykova, & Österbring, 2018"
R-121,,"Gontia, Nägeli, Rosado, Kalmykova, & Österbring, 2018"
R-122,,"Gontia, Nägeli, Rosado, Kalmykova, & Österbring, 2018"
R-123,,"Gontia, Nägeli, Rosado, Kalmykova, & Österbring, 2018"
R-124,,"Gontia, Nägeli, Rosado, Kalmykova, & Österbring, 2018"
R-125,,"Gontia, Nägeli, Rosado, Kalmykova, & Österbring, 2018"
R-126,,"Gontia, Nägeli, Rosado, Kalmykova, & Österbring, 2018"
R-127,,"Gontia, Nägeli, Rosado, Kalmykova, & Österbring, 2018"
R-128,,"Gontia, Nägeli, Rosado, Kalmykova, & Österbring, 2018"
R-129,,"Gontia, Nägeli, Rosado, Kalmykova, & Österbring, 2018"
R-130,,"Gontia, Nägeli, Rosado, Kalmykova, & Österbring, 2018"
R-131,,"Gontia, Nägeli, Rosado, Kalmykova, & Österbring, 2018"
R-132,,"Gontia, Nägeli, Rosado, Kalmykova, & Österbring, 2018"
R-133,,"Gontia, Nägeli, Rosado, Kalmykova, & Österbring, 2018"
R-134,,"Gontia, Nägeli, Rosado, Kalmykova, & Österbring, 2018"
R-135,,"Gontia, Nägeli, Rosado, Kalmykova, & Österbring, 2018"
R-136,,"Gontia, Nägeli, Rosado, Kalmykova, & Österbring, 2018"
R-137,,"Gontia, Nägeli, Rosado, Kalmykova, & Österbring, 2018"
R-138,,"Gontia, Nägeli, Rosado, Kalmykova, & Österbring, 2018"
R-139,,"Gontia, Nägeli, Rosado, Kalmykova, & Österbring, 2018"
R-140,,"Gontia, Nägeli, Rosado, Kalmykova, & Österbring, 2018"
R-141,,"Gontia, Nägeli, Rosado, Kalmykova, & Österbring, 2018"
R-142,,"Gontia, Nägeli, Rosado, Kalmykova, & Österbring, 2018"
R-143,,"Gontia, Nägeli, Rosado, Kalmykova, & Österbring, 2018"
R-144,,"Gontia, Nägeli, Rosado, Kalmykova, & Österbring, 2018"
R-145,,"Gontia, Nägeli, Rosado, Kalmykova, & Österbring, 2018"
R-146,,"Gontia, Nägeli, Rosado, Kalmykova, & Österbring, 2018"
R-147,﻿A spatial analysis of material stock accumulation and demolition waste potential of buildings: A case study of Padua,"Miatto, A., Schandl, H., Forlin, L., Ronzani, F., Borin, P., Giordano, A., & Tanikawa, H. (2019). A spatial analysis of material stock accumulation and demolition waste potential of buildings: A case study of Padua. Resources, Conservation and Recycling, 142(July 2018), 245–256. https://doi.org/10.1016/j.resconrec.2018.12.011"
R-148,,"Miatto et al., 2019"
R-149,,"Miatto et al., 2019"
R-150,,"Miatto et al., 2019"
R-151,,"Miatto et al., 2019"
R-152,,"Miatto et al., 2019"
R-153,,"Miatto et al., 2019"
R-154,,"Miatto et al., 2019"
R-155,,"Miatto et al., 2019"
R-156,A database seed for a community-driven material intensity research platform,"Heeren, N. and Fishman, T. (2019). A database seed for a community-driven material intensity research platform. Scientific Data, 6(1)."
R-157,,"Heeren et al., 2019"
R-158,,"Heeren et al., 2019"
R-159,,"Heeren et al., 2019"
R-160,,"Heeren et al., 2019"
R-161,,"Heeren et al., 2019"
R-162,,"Heeren et al., 2019"
R-163,,"Heeren et al., 2019"
R-164,,"Heeren et al., 2019"
R-165,,"Heeren et al., 2019"
R-166,,"Heeren et al., 2019"
R-167,,"Heeren et al., 2019"
R-168,,"Heeren et al., 2019"
R-169,Wood as a building material in the light of environmental assessment of full life cycle of four buildings,"Pajchrowski, G., Noskowiak, A., Lewandowska, A., & Strykowski, W. (2014). Wood as a building material in the light of environmental assessment of full life cycle of four buildings. Construction and Building Materials"
R-170,,"Pajchrowski, Noskowiak, Lewandowska, & Strykowski, 2014"
R-171,,"Pajchrowski, Noskowiak, Lewandowska, & Strykowski, 2014"
R-172,,"Pajchrowski, Noskowiak, Lewandowska, & Strykowski, 2014"
R-173,Environmental Improvement Potentials of Residential Buildings (IMPRO-Building),"Nemry, F., & Uihlein, A. (2008). Environmental Improvement Potentials of Residential Buildings (IMPRO-Building). https://doi.org/10.2791/38942"
R-174,,"Nemry & Uihlein, 2008"
R-175,,"Nemry & Uihlein, 2008"
R-176,,"Nemry & Uihlein, 2008"
R-177,,"Nemry & Uihlein, 2008"
R-178,,"Nemry & Uihlein, 2008"
R-179,,"Nemry & Uihlein, 2008"
R-180,,"Nemry & Uihlein, 2008"
R-181,,"Nemry & Uihlein, 2008"
R-182,,"Nemry & Uihlein, 2008"
R-183,,"Nemry & Uihlein, 2008"
R-184,,"Nemry & Uihlein, 2008"
R-185,,"Nemry & Uihlein, 2008"
R-186,,"Nemry & Uihlein, 2008"
R-187,,"Nemry & Uihlein, 2008"
R-188,,"Nemry & Uihlein, 2008"
R-189,,"Nemry & Uihlein, 2008"
R-190,,"Nemry & Uihlein, 2008"
R-191,,"Nemry & Uihlein, 2008"
R-192,,"Nemry & Uihlein, 2008"
R-193,,"Nemry & Uihlein, 2008"
R-194,,"Nemry & Uihlein, 2008"
R-195,,"Nemry & Uihlein, 2008"
R-196,,"Nemry & Uihlein, 2008"
R-197,,"Nemry & Uihlein, 2008"
R-198,,"Nemry & Uihlein, 2008"
R-199,,"Nemry & Uihlein, 2008"
R-200,,"Nemry & Uihlein, 2008"
R-201,,"Nemry & Uihlein, 2008"
R-202,,"Nemry & Uihlein, 2008"
R-203,,"Nemry & Uihlein, 2008"
R-204,,"Nemry & Uihlein, 2008"
R-205,,"Nemry & Uihlein, 2008"
R-206,,"Nemry & Uihlein, 2008"
R-207,,"Nemry & Uihlein, 2008"
R-208,,"Nemry & Uihlein, 2008"
R-209,,"Nemry & Uihlein, 2008"
R-210,,"Nemry & Uihlein, 2008"
R-211,,"Nemry & Uihlein, 2008"
R-212,,"Nemry & Uihlein, 2008"
R-213,,"Nemry & Uihlein, 2008"
R-214,,"Nemry & Uihlein, 2008"
R-215,,"Nemry & Uihlein, 2008"
R-216,,"Nemry & Uihlein, 2008"
R-217,,"Nemry & Uihlein, 2008"
R-218,,"Nemry & Uihlein, 2008"
R-219,"Life cycle energy (LCEA) and carbon dioxide emissions (LCCO2A) assessment of two residential buildings in Gaziantep, Turkey","Atmaca, A., & Atmaca, N. (2015). Life cycle energy (LCEA) and carbon dioxide emissions (LCCO2A) assessment of two residential buildings in Gaziantep, Turkey. Energy and Buildings https://doi.org/10.1016/j.enbuild.2015.06.008"
R-220,,"Atmaca & Atmaca, 2015"
R-221,Reducing the total life cycle energy demand of recent residential buildings in Lebanon,"Stephan, A., & Stephan, L. (2014). Reducing the total life cycle energy demand of recent residential buildings in Lebanon. Energy. https://doi.org/10.1016/j.energy.2014.07.028"
R-222,Life cycle assessment of a three-bedroom house in Saudi Arabia,"Asif, M., Dehwah, A., Ashraf, F., Khan, H., Shaukat, M., & Hassan, M. (2017). Life Cycle Assessment of a Three-Bedroom House in Saudi Arabia. Environments. https://doi.org/10.3390/environments4030052"
R-223,Environmental assessment of popular single-family house construction alternatives in Jordan,"El Hanandeh, A. (2015). Environmental assessment of popular single-family house construction alternatives in Jordan. Building and Environment. https://doi.org/10.1016/j.buildenv.2015.04.032"
R-224,,"El Hanandeh, 2015"
R-225,A case study on life cycle energy use of residential building in Southern India,"Pinky Devi, L., & Palaniappan, S. (2014). A case study on life cycle energy use of residential building in Southern India. Energy and Buildings. https://doi.org/10.1016/j.enbuild.2014.05.034"
R-226,Effect of construction materials on embodied energy and cost of buildings - A case study of residential houses in India up to 60 m2 of plinth area,"Bansal, D., Singh, R., & Sawhney, R. L. (2014). Effect of construction materials on embodied energy and cost of buildings - A case study of residential houses in India up to 60 m2of plinth area. Energy and Buildings. https://doi.org/10.1016/j.enbuild.2013.11.006"
R-227,,"Bansal, Singh, & Sawhney, 2014"
R-228,,"Bansal, Singh, & Sawhney, 2014"
R-229,,"Bansal, Singh, & Sawhney, 2014"
R-230,,"Bansal, Singh, & Sawhney, 2014"
R-231,,"Bansal, Singh, & Sawhney, 2014"
R-232,,"Bansal, Singh, & Sawhney, 2014"
R-233,,"Bansal, Singh, & Sawhney, 2014"
R-234,,"Bansal, Singh, & Sawhney, 2014"
R-235,,"Bansal, Singh, & Sawhney, 2014"
R-236,,"Bansal, Singh, & Sawhney, 2014"
R-237,,"Bansal, Singh, & Sawhney, 2014"
R-238,,"Bansal, Singh, & Sawhney, 2014"
R-239,,"Bansal, Singh, & Sawhney, 2014"
R-240,,"Bansal, Singh, & Sawhney, 2014"
R-241,,"Bansal, Singh, & Sawhney, 2014"
R-242,,"Bansal, Singh, & Sawhney, 2014"
R-243,,"Bansal, Singh, & Sawhney, 2014"
R-244,,"Bansal, Singh, & Sawhney, 2014"
R-245,,"Bansal, Singh, & Sawhney, 2014"
R-246,,"Bansal, Singh, & Sawhney, 2014"
R-247,,"Bansal, Singh, & Sawhney, 2014"
R-248,,"Bansal, Singh, & Sawhney, 2014"
R-249,,"Bansal, Singh, & Sawhney, 2014"
R-250,,"Bansal, Singh, & Sawhney, 2014"
R-251,,"Bansal, Singh, & Sawhney, 2014"
R-252,,"Bansal, Singh, & Sawhney, 2014"
R-253,,"Bansal, Singh, & Sawhney, 2014"
R-254,"A methodology for energy performance classification of residential building stock
of Hamirpur","Sharma, A., & Marwaha, B. M. (2015). A methodology for energy performance classification of residential building stock of Hamirpur. HBRC Journal. https://doi.org/10.1016/j.hbrcj.2015.11.003"
R-255,,"Sharma & Marwaha, 2015"
R-256,Life cycle energy analysis of a residential building with different envelopes and climates in Indian context,"Ramesh, T., Prakash, R., & Shukla, K. K. (2012). Life cycle energy analysis of a residential building with different envelopes and climates in Indian context. Applied Energy https://doi.org/10.1016/j.apenergy.2011.05.054"
R-257,Embodied energy analysis of adobe house,"Shukla, A., Tiwari, G. N., & Sodha, M. S. (2009). Embodied energy analysis of adobe house. Renewable Energy. https://doi.org/10.1016/j.renene.2008.04.002"
R-258,A database seed for a community-driven material intensity research platform,"Heeren, N. and Fishman, T. (2019). A database seed for a community-driven material intensity research platform. Scientific Data, 6(1)."
R-259,,"Heeren et al., 2020"
R-260,,"Heeren et al., 2021"
R-261,,"Heeren et al., 2022"
R-262,,"Lee, Tae, Gong, & Roh, 2017"
R-263,Estimation of CO2 emission of apartment buildings due to major construction materials in the Republic of Korea,"Jeong, Y.-S., Lee, S.-E., & Huh, J.-H. (2012). Estimation of CO 2 emission of apartment buildings due to major construction materials in the Republic of Korea. Energy and Buildings, 49, 437–442. https://doi.org/10.1016/j.enbuild.2012.02.041"
R-264,,"Jeong, Lee, & Huh, 2012"
R-265,,"Jeong, Lee, & Huh, 2012"
R-266,,"Jeong, Lee, & Huh, 2012"
R-267,,"Jeong, Lee, & Huh, 2012"
R-268,,"Jeong, Lee, & Huh, 2012"
R-269,Green template for life cycle assessment of buildings based on building information modeling: Focus on embodied environmental impact,"Lee, S., Tae, S., Roh, S., & Kim, T. (2015). Green template for life cycle assessment of buildings based on building information modeling: Focus on embodied environmental impact. Sustainability (Switzerland). https://doi.org/10.3390/su71215830"
R-270,Analysis of embodied energy use in the residential building of Hong Kong,"Chen, T. Y., Burnett, J., & Chau, C. K. (2001). Analysis of embodied energy use in the residential building of Hong Kong. Energy (Vol. 26). Retrieved from www.elsevier.com/locate/energy"
R-271,,"Chen, Burnett, & Chau, 2001"
R-272,Materials demand and environmental impact of buildings construction and demolition in China based on dynamic material flow analysis,"Huang, T., Shi, F., Tanikawa, H., Fei, J., & Han, J. (2013). Materials demand and environmental impact of buildings construction and demolition in China based on dynamic material flow analysis. Resources, Conservation and Recycling, 72, 91–101. https://doi.org/10.1016/j.resconrec.2012.12.013"
R-273,,"Huang, Shi, Tanikawa, Fei, & Han, 2013"
R-274,,"Huang, Shi, Tanikawa, Fei, & Han, 2013"
R-275,,"Huang, Shi, Tanikawa, Fei, & Han, 2013"
R-276,,"Huang, Shi, Tanikawa, Fei, & Han, 2013"
R-277,,"Huang, Shi, Tanikawa, Fei, & Han, 2013"
R-278,,"Huang, Shi, Tanikawa, Fei, & Han, 2013"
R-279,,"Huang, Shi, Tanikawa, Fei, & Han, 2013"
R-280,,"Huang, Shi, Tanikawa, Fei, & Han, 2013"
R-281,,"Huang, Shi, Tanikawa, Fei, & Han, 2013"
R-282,"Development of an automated estimator of life-cycle carbon emissions for residential buildings: A case study in Nanjing, China","Li, D., Cui, P., & Lu, Y. (2016). Development of an automated estimator of life-cycle carbon emissions for residential buildings: A case study in Nanjing, China. Habitat International. https://doi.org/10.1016/j.habitatint.2016.07.003"
R-283,A detailed analysis of the embodied energy and carbon emissions of steel-construction residential buildings in China,"Su, X., & Zhang, X. (2016). A detailed analysis of the embodied energy and carbon emissions of steel-construction residential buildings in China. Energy and Buildings. https://doi.org/10.1016/j.enbuild.2016.03.070"
R-284,,"Su & Zhang, 2016"
R-285,,"Su & Zhang, 2016"
R-286,"Building-information-modeling enabled life cycle assessment, a case study on carbon footprint accounting for a residential building in China","Yang, X., Hu, M., Wu, J., & Zhao, B. (2018). Building-information-modeling enabled life cycle assessment, a case study on carbon footprint accounting for a residential building in China. Journal of Cleaner Production. https://doi.org/10.1016/j.jclepro.2018.02.070"
R-287,Assessment of embodied energy and global warming potential of building construction using life cycle analysis approach: Case studies of residential buildings in Iskandar Malaysia,"Jia Wen, T., Chin Siong, H., & Noor, Z. Z. (2015). Assessment of embodied energy and global warming potential of building construction using life cycle analysis approach: Case studies of residential buildings in Iskandar Malaysia. Energy and Buildings. https://doi.org/10.1016/j.enbuild.2014.12.002"
R-288,,"Jia Wen, Chin Siong, & Noor, 2015"
R-289,Environmental impact analysis on residential building in Malaysia using life cycle assessment,"Abd Rashid, A., Idris, J., & Yusoff, S. (2017). Environmental Impact Analysis on Residential Building in Malaysia Using Life Cycle Assessment. Sustainability. https://doi.org/10.3390/su9030329"
R-290,Indonesian residential high rise buildings: A life cycle energy assessment,"Utama, A., & Gheewala, S. H. (2009). Indonesian residential high rise buildings: A life cycle energy assessment. Energy and Buildings. https://doi.org/10.1016/j.enbuild.2009.07.025"
R-291,,"Utama & Gheewala, 2009"
R-292,Life cycle energy of single landed houses in Indonesia,"Utama, A., & Gheewala, S. H. (2008). Life cycle energy of single landed houses in Indonesia. Energy and Buildings. https://doi.org/10.1016/j.enbuild.2008.04.018"
R-293,,"Utama & Gheewala, 2008"
R-294,A database seed for a community-driven material intensity research platform,"Heeren, N. and Fishman, T. (2019). A database seed for a community-driven material intensity research platform. Scientific Data, 6(1)."
R-295,,"Heeren et al., 2019"
R-296,,"Heeren et al., 2019"
R-297,,"Heeren et al., 2019"
R-298,,"Heeren et al., 2019"
R-299,,"Heeren et al., 2019"
R-300,,"Heeren et al., 2019"
R-301,,"Heeren et al., 2019"
R-302,The estimation of energy consumption and CO2 emission due to housing construction in Japan,"Suzuki, M., Oka, T., & Okada, K. (1995). The estimation of energy consumption and CO2 emission due to housing construction in Japan. Energy and Buildings. https://doi.org/10.1016/0378-7788(95)00914-J"
R-303,,"Suzuki, Oka, & Okada, 1995"
R-304,,"Suzuki, Oka, & Okada, 1995"
R-305,,"Suzuki, Oka, & Okada, 1995"
R-306,,"Suzuki, Oka, & Okada, 1995"
R-307,,"Suzuki, Oka, & Okada, 1995"
R-308,,"Suzuki, Oka, & Okada, 1995"
R-309,,"Suzuki, Oka, & Okada, 1995"
R-310,Urban stock over time: spatial material stock analysis using 4d-GIS,"Tanikawa, H., & Hashimoto, S. (2009). Urban stock over time: Spatial material stock analysis using 4d-GIS. Building Research and Information. https://doi.org/10.1080/09613210903169394"
R-311,,"Tanikawa & Hashimoto, 2009"
R-312,,"Tanikawa & Hashimoto, 2009"
R-313,A database seed for a community-driven material intensity research platform,"Heeren, N. and Fishman, T. (2019). A database seed for a community-driven material intensity research platform. Scientific Data, 6(1)."
R-314,Towards a more circular construction sector: Estimating and spatialising current and future non-structural material replacement flows to maintain urban building stocks,"Stephan, A., & Athanassiadis, A. (2018). Towards a more circular construction sector: Estimating and spatialising current and future non-structural material replacement flows to maintain urban building stocks. Resources, Conservation and Recycling, 129(April 2017), 248–262. https://doi.org/10.1016/j.resconrec.2017.09.022"
R-315,,"Stephan & Athanassiadis, 2018"
R-316,,"Stephan & Athanassiadis, 2018"
R-317,,"Stephan & Athanassiadis, 2018"
R-318,,"Stephan & Athanassiadis, 2018"
R-319,,"Stephan & Athanassiadis, 2018"
R-320,,"Stephan & Athanassiadis, 2018"
R-321,Building service life and its effect on the life cycle embodied energy of buildings,"Rauf, A., & Crawford, R. H. (2015). Building service life and its effect on the life cycle embodied energy of buildings. Energy. https://doi.org/10.1016/j.energy.2014.10.093"
R-322,A comparative life cycle assessment of alternative constructions of a typical Australian house design,"Carre, A. (2011). A Comparative Life Cycle Assessment of Alternative Constructions of a Typical Australian House Design (Vol. 61)"
R-323,Energy and mass flows of housing: a model and example. Building and Environment,"Johnstone, I. (1999). Energy and mass flows of housing: a model and example. Building and Environment, 36, 27–41. Retrieved from www.elsevier.com/locate/buildenv"
R-324,,"Johnstone, 1999"
R-325,,"Johnstone, 1999"
R-326,"Life cycle greenhouse gas emissions and energy analysis of prefabricated
reusable building modules","Aye, L., Ngo, T., Crawford, R. H., Gammampila, R., & Mendis, P. (2011). Life cycle greenhouse gas emissions and energy analysis of prefabricated reusable building modules. Energy and Buildings, 47, 159–168. https://doi.org/10.1016/j.enbuild.2011.11.049"
R-327,Life-cycle energy analysis of buildings: a case study,"Fay, R., Treloar, G., & Iyer-Raniga, U. (2000). Life-cycle energy analysis of buildings: a case study. Building Research & Information (Vol. 28)"
R-328,A comparative life cycle assessment of two multi storey residential apartment buildings,"Carre, A., & Crossin, E. (2015). A comparative life cycle assessment of two multi storey residential apartment buildings. Retrieved from www.fwpa.com.au"
R-329,,"Carre & Crossin, 2015"
R-330,﻿The global warming potential of building materials: an application of life cycle analysis in Nepal,"Bhochhibhoya, S., Zanetti, M., Pierobon, F., Gatto, P., Maskey, R. K., & Cavalli, R. (2017). The global warming potential of building materials: an application of life cycle analysis in Nepal. Mountain Research and Development, 37(1), 47–55. https://doi.org/10.1659/MRD-JOURNAL-D-15-00043.1"
